source,target
s001,s124
s001,s218
s001,s003
s001,s259
s001,s271
s001,s214
s001,s109
s001,s173
s001,s030
s001,s144
s001,s023
s001,s269
s001,s204
s001,s013
s001,s146
s001,s190
s001,s005
s001,s278
s001,s180
s001,s022
s001,s155
s001,s179
s001,s127
s001,s172
s001,s148
s001,s062
s001,s211
s001,s262
s001,s103
s001,s092
s001,s143
s001,s039
s001,s001
s001,s231
s001,s080
s001,s238
s001,s178
s001,s210
s001,s196
s001,s026
s001,s059
s001,s203
s001,s125
s001,s116
s001,s252
s002,s046
s002,s206
s002,s156
s002,s203
s003,s214
s003,s146
s003,s101
s003,s060
s003,s266
s004,s111
s004,s237
s004,s261
s004,s044
s004,s239
s004,s195
s004,s246
s004,s235
s004,s219
s004,s148
s004,s081
s004,s020
s004,s008
s004,s187
s004,s137
s004,s253
s004,s092
s004,s065
s004,s252
s005,s264
s005,s124
s005,s205
s005,s250
s005,s069
s005,s160
s005,s016
s005,s129
s005,s055
s005,s206
s005,s234
s005,s073
s005,s163
s005,s237
s005,s204
s005,s135
s005,s013
s005,s146
s005,s010
s005,s190
s005,s070
s005,s035
s005,s061
s005,s217
s005,s045
s005,s248
s005,s038
s005,s012
s005,s216
s005,s243
s005,s191
s005,s097
s005,s025
s005,s006
s005,s208
s005,s275
s005,s180
s005,s273
s005,s022
s005,s123
s005,s156
s005,s087
s005,s122
s005,s120
s005,s151
s005,s155
s005,s015
s005,s062
s005,s103
s005,s092
s005,s071
s005,s089
s005,s177
s005,s001
s005,s090
s005,s254
s005,s034
s005,s026
s005,s059
s005,s203
s005,s116
s005,s252
s005,s205
s005,s250
s005,s016
s005,s129
s005,s055
s005,s234
s005,s073
s005,s135
s005,s013
s005,s010
s005,s190
s005,s070
s005,s061
s005,s217
s005,s045
s005,s248
s005,s038
s005,s012
s005,s216
s005,s243
s005,s191
s005,s097
s005,s223
s005,s025
s005,s006
s005,s208
s005,s180
s005,s273
s005,s022
s005,s123
s005,s151
s005,s015
s005,s062
s005,s137
s005,s092
s005,s089
s005,s177
s005,s001
s005,s229
s005,s090
s005,s254
s005,s034
s005,s026
s005,s059
s005,s203
s005,s116
s005,s252
s006,s014
s006,s248
s006,s096
s006,s239
s006,s193
s006,s101
s006,s172
s006,s106
s006,s178
s007,s009
s007,s128
s007,s003
s007,s201
s007,s259
s007,s271
s007,s226
s007,s085
s007,s220
s007,s014
s007,s033
s007,s055
s007,s173
s007,s078
s007,s144
s007,s013
s007,s005
s007,s217
s007,s248
s007,s012
s007,s006
s007,s180
s007,s273
s007,s123
s007,s155
s007,s241
s007,s276
s007,s179
s007,s166
s007,s181
s007,s101
s007,s246
s007,s099
s007,s079
s007,s134
s007,s031
s007,s158
s007,s236
s007,s127
s007,s094
s007,s167
s007,s200
s007,s019
s007,s105
s007,s172
s007,s015
s007,s028
s007,s148
s007,s091
s007,s062
s007,s260
s007,s060
s007,s041
s007,s225
s007,s108
s007,s027
s007,s207
s007,s209
s007,s211
s007,s262
s007,s222
s007,s037
s007,s089
s007,s177
s007,s266
s007,s090
s007,s054
s007,s178
s007,s026
s007,s059
s008,s009
s008,s270
s008,s205
s008,s240
s008,s002
s008,s174
s008,s206
s008,s023
s008,s261
s008,s170
s008,s010
s008,s005
s008,s035
s008,s038
s008,s180
s008,s155
s008,s179
s008,s195
s008,s169
s008,s256
s008,s134
s008,s244
s008,s230
s008,s127
s008,s094
s008,s167
s008,s219
s008,s008
s008,s225
s008,s108
s008,s004
s008,s251
s008,s211
s008,s137
s008,s093
s008,s142
s008,s001
s008,s050
s008,s265
s008,s210
s008,s075
s008,s252
s009,s270
s009,s201
s009,s247
s009,s002
s009,s204
s009,s061
s009,s217
s009,s223
s009,s006
s009,s180
s009,s024
s009,s015
s009,s048
s009,s075
s010,s270
s010,s240
s010,s002
s010,s206
s010,s005
s010,s242
s010,s045
s010,s140
s010,s043
s010,s038
s010,s161
s010,s216
s010,s243
s010,s208
s010,s273
s010,s193
s010,s249
s010,s256
s010,s251
s010,s093
s011,s270
s011,s069
s011,s109
s011,s154
s011,s131
s011,s147
s011,s269
s011,s204
s011,s061
s011,s047
s011,s161
s011,s182
s011,s114
s011,s040
s011,s180
s011,s239
s011,s110
s011,s141
s011,s108
s011,s100
s011,s130
s011,s194
s011,s092
s011,s168
s011,s133
s011,s119
s011,s117
s011,s089
s011,s143
s011,s266
s011,s142
s011,s277
s011,s001
s011,s077
s011,s267
s011,s090
s011,s231
s011,s050
s011,s265
s011,s048
s011,s138
s011,s049
s011,s132
s011,s210
s011,s036
s011,s065
s011,s164
s011,s063
s011,s162
s012,s201
s012,s055
s012,s206
s012,s144
s012,s013
s012,s146
s012,s190
s012,s248
s012,s012
s012,s006
s012,s221
s012,s180
s012,s273
s012,s082
s012,s122
s012,s151
s012,s166
s012,s099
s012,s007
s012,s062
s012,s089
s012,s077
s012,s090
s012,s054
s012,s178
s012,s196
s012,s203
s013,s128
s013,s124
s013,s218
s013,s003
s013,s279
s013,s201
s013,s271
s013,s226
s013,s220
s013,s247
s013,s088
s013,s109
s013,s055
s013,s107
s013,s173
s013,s144
s013,s234
s013,s204
s013,s146
s013,s190
s013,s005
s013,s070
s013,s061
s013,s248
s013,s278
s013,s012
s013,s040
s013,s223
s013,s006
s013,s208
s013,s275
s013,s221
s013,s180
s013,s273
s013,s022
s013,s123
s013,s087
s013,s122
s013,s227
s013,s115
s013,s024
s013,s151
s013,s181
s013,s101
s013,s099
s013,s134
s013,s031
s013,s268
s013,s255
s013,s167
s013,s019
s013,s062
s013,s060
s013,s225
s013,s211
s013,s103
s013,s092
s013,s089
s013,s143
s013,s177
s013,s176
s013,s039
s013,s266
s013,s001
s013,s263
s013,s057
s013,s229
s013,s090
s013,s254
s013,s258
s013,s054
s013,s238
s013,s178
s013,s196
s013,s026
s013,s059
s013,s203
s013,s075
s013,s116
s014,s017
s014,s264
s014,s128
s014,s202
s014,s012
s014,s216
s014,s273
s014,s101
s014,s007
s014,s178
s015,s009
s015,s056
s015,s088
s015,s029
s015,s005
s015,s070
s015,s047
s015,s022
s015,s123
s015,s151
s015,s268
s015,s019
s015,s028
s015,s081
s015,s257
s015,s034
s016,s264
s016,s086
s016,s270
s016,s245
s016,s250
s016,s072
s016,s053
s016,s201
s016,s175
s016,s271
s016,s220
s016,s014
s016,s002
s016,s055
s016,s183
s016,s018
s016,s078
s016,s083
s016,s261
s016,s013
s016,s064
s016,s035
s016,s217
s016,s202
s016,s278
s016,s165
s016,s191
s016,s025
s016,s275
s016,s096
s016,s246
s016,s256
s016,s244
s016,s015
s016,s091
s016,s184
s016,s108
s016,s222
s016,s100
s016,s253
s016,s194
s016,s051
s016,s071
s016,s119
s016,s143
s016,s266
s016,s267
s016,s229
s016,s050
s016,s254
s016,s049
s016,s034
s016,s036
s016,s197
s016,s192
s016,s075
s017,s152
s017,s009
s017,s124
s017,s112
s017,s199
s017,s259
s017,s085
s017,s247
s017,s109
s017,s021
s017,s183
s017,s018
s017,s083
s017,s135
s017,s047
s017,s012
s017,s114
s017,s127
s017,s200
s017,s019
s017,s020
s017,s106
s017,s054
s018,s118
s018,s017
s018,s270
s018,s250
s018,s240
s018,s021
s018,s084
s018,s078
s018,s019
s018,s020
s019,s017
s019,s204
s019,s061
s019,s216
s019,s180
s020,s017
s020,s021
s020,s159
s020,s018
s020,s083
s020,s234
s020,s043
s020,s044
s020,s195
s020,s079
s020,s256
s020,s134
s020,s268
s020,s019
s020,s172
s020,s148
s020,s081
s020,s091
s020,s184
s020,s225
s020,s027
s020,s004
s020,s209
s020,s211
s020,s137
s020,s037
s020,s253
s020,s049
s020,s065
s020,s252
s021,s017
s021,s086
s021,s128
s021,s270
s021,s124
s021,s053
s021,s240
s021,s201
s021,s175
s021,s271
s021,s247
s021,s104
s021,s029
s021,s202
s021,s087
s021,s079
s021,s067
s021,s236
s021,s244
s021,s200
s021,s148
s021,s093
s021,s265
s021,s138
s022,s118
s022,s009
s022,s124
s022,s233
s022,s029
s022,s135
s022,s013
s022,s005
s022,s070
s022,s047
s022,s114
s022,s040
s022,s025
s022,s096
s022,s115
s022,s151
s022,s105
s022,s015
s022,s028
s022,s117
s022,s116
s023,s113
s023,s198
s023,s135
s023,s045
s023,s114
s023,s188
s023,s126
s024,s009
s024,s129
s024,s073
s024,s204
s024,s006
s024,s208
s024,s180
s024,s096
s024,s058
s024,s211
s024,s026
s025,s082
s025,s236
s025,s105
s025,s027
s025,s037
s025,s077
s025,s032
s025,s057
s025,s085
s025,s233
s025,s159
s025,s070
s025,s082
s025,s236
s025,s027
s025,s037
s025,s077
s025,s057
s026,s009
s026,s086
s026,s128
s026,s072
s026,s279
s026,s201
s026,s271
s026,s233
s026,s247
s026,s109
s026,s033
s026,s129
s026,s107
s026,s173
s026,s029
s026,s030
s026,s144
s026,s269
s026,s013
s026,s146
s026,s061
s026,s278
s026,s221
s026,s180
s026,s273
s026,s087
s026,s122
s026,s115
s026,s024
s026,s151
s026,s155
s026,s181
s026,s101
s026,s099
s026,s134
s026,s236
s026,s230
s026,s167
s026,s200
s026,s019
s026,s007
s026,s062
s026,s184
s026,s225
s026,s027
s026,s209
s026,s211
s026,s262
s026,s257
s026,s093
s026,s103
s026,s194
s026,s092
s026,s051
s026,s168
s026,s145
s026,s089
s026,s143
s026,s177
s026,s176
s026,s039
s026,s266
s026,s142
s026,s277
s026,s001
s026,s077
s026,s032
s026,s267
s026,s057
s026,s229
s026,s090
s026,s231
s026,s254
s026,s171
s026,s258
s026,s054
s026,s212
s026,s080
s026,s238
s026,s048
s026,s102
s026,s034
s026,s052
s026,s178
s026,s132
s026,s210
s026,s196
s026,s026
s026,s059
s026,s203
s026,s125
s026,s075
s026,s116
s026,s252
s026,s162
s027,s085
s027,s233
s027,s159
s027,s025
s027,s007
s027,s062
s027,s077
s027,s106
s028,s118
s028,s009
s028,s053
s028,s226
s028,s220
s028,s160
s028,s014
s028,s056
s028,s088
s028,s129
s028,s029
s028,s234
s028,s023
s028,s190
s028,s005
s028,s070
s028,s061
s028,s217
s028,s248
s028,s012
s028,s216
s028,s006
s028,s208
s028,s180
s028,s273
s028,s022
s028,s123
s028,s024
s028,s151
s028,s276
s028,s179
s028,s181
s028,s101
s028,s224
s028,s134
s028,s031
s028,s268
s028,s067
s028,s255
s028,s236
s028,s230
s028,s167
s028,s200
s028,s019
s028,s172
s028,s015
s028,s081
s028,s062
s028,s184
s028,s225
s028,s211
s028,s262
s028,s089
s028,s177
s028,s176
s028,s267
s028,s090
s028,s254
s028,s189
s028,s054
s028,s212
s028,s238
s028,s034
s028,s052
s028,s059
s028,s125
s028,s075
s028,s116
s029,s220
s029,s056
s029,s088
s029,s273
s029,s193
s029,s123
s029,s151
s029,s015
s029,s028
s029,s034
s030,s218
s030,s173
s030,s087
s030,s268
s030,s167
s030,s257
s030,s143
s030,s102
s030,s026
s031,s201
s031,s226
s031,s217
s031,s181
s031,s255
s031,s257
s031,s177
s031,s229
s031,s102
s031,s059
s031,s075
s032,s205
s032,s072
s032,s165
s032,s227
s032,s246
s032,s236
s032,s037
s032,s253
s032,s039
s032,s001
s032,s032
s032,s065
s032,s252
s033,s086
s033,s124
s033,s205
s033,s250
s033,s218
s033,s053
s033,s199
s033,s279
s033,s240
s033,s201
s033,s259
s033,s271
s033,s085
s033,s186
s033,s136
s033,s109
s033,s016
s033,s033
s033,s066
s033,s002
s033,s129
s033,s055
s033,s111
s033,s078
s033,s248
s033,s012
s033,s216
s033,s040
s033,s223
s033,s232
s033,s208
s033,s221
s033,s123
s033,s087
s033,s115
s033,s101
s033,s246
s033,s099
s033,s236
s033,s219
s033,s019
s033,s062
s033,s060
s033,s211
s033,s089
s033,s176
s033,s039
s033,s077
s033,s267
s033,s171
s033,s189
s033,s054
s033,s178
s033,s196
s033,s203
s033,s125
s033,s075
s033,s063
s033,s162
s034,s279
s034,s085
s034,s220
s034,s233
s034,s056
s034,s088
s034,s129
s034,s055
s034,s029
s034,s234
s034,s023
s034,s005
s034,s070
s034,s208
s034,s082
s034,s151
s034,s181
s034,s236
s034,s230
s034,s015
s034,s028
s034,s027
s034,s089
s034,s177
s034,s039
s034,s034
s034,s052
s034,s196
s034,s026
s034,s059
s034,s203
s034,s075
s034,s116
s034,s162
s035,s270
s035,s239
s035,s121
s035,s148
s035,s265
s035,s270
s035,s121
s035,s148
s035,s265
s036,s042
s036,s153
s036,s223
s036,s044
s036,s224
s036,s184
s036,s145
s036,s112
s036,s042
s036,s153
s036,s261
s036,s223
s036,s044
s036,s068
s036,s224
s036,s272
s036,s184
s036,s041
s036,s145
s037,s025
s037,s246
s037,s268
s037,s236
s037,s200
s037,s028
s037,s142
s037,s032
s037,s090
s038,s023
s038,s170
s038,s135
s038,s005
s038,s216
s038,s114
s038,s180
s038,s141
s038,s137
s038,s116
s038,s252
s039,s205
s039,s053
s039,s085
s039,s233
s039,s104
s039,s129
s039,s055
s039,s248
s039,s082
s039,s079
s039,s236
s039,s027
s039,s089
s039,s001
s040,s264
s040,s220
s040,s014
s040,s002
s040,s202
s040,s012
s040,s040
s040,s151
s040,s189
s041,s112
s041,s042
s041,s261
s041,s044
s041,s241
s041,s068
s041,s224
s041,s134
s041,s094
s041,s148
s041,s007
s041,s041
s041,s145
s041,s036
s042,s009
s042,s270
s042,s124
s042,s205
s042,s112
s042,s259
s042,s153
s042,s247
s042,s088
s042,s104
s042,s107
s042,s111
s042,s113
s042,s144
s042,s234
s042,s023
s042,s261
s042,s114
s042,s223
s042,s044
s042,s068
s042,s224
s042,s272
s042,s041
s042,s145
s042,s036
s043,s118
s043,s205
s043,s250
s043,s112
s043,s199
s043,s247
s043,s109
s043,s016
s043,s104
s043,s076
s043,s129
s043,s215
s043,s183
s043,s159
s043,s173
s043,s131
s043,s073
s043,s163
s043,s064
s043,s047
s043,s097
s043,s040
s043,s006
s043,s275
s043,s221
s043,s180
s043,s096
s043,s024
s043,s241
s043,s268
s043,s098
s043,s139
s043,s184
s043,s187
s043,s251
s043,s092
s043,s071
s043,s001
s043,s231
s043,s171
s044,s112
s044,s042
s044,s136
s044,s153
s044,s111
s044,s237
s044,s261
s044,s182
s044,s191
s044,s068
s044,s224
s044,s235
s044,s272
s044,s020
s044,s041
s044,s004
s044,s209
s044,s253
s044,s145
s044,s036
s044,s065
s045,s270
s045,s112
s045,s136
s045,s153
s045,s002
s045,s023
s045,s010
s045,s275
s045,s221
s045,s180
s045,s095
s045,s185
s045,s188
s045,s224
s045,s184
s045,s277
s045,s126
s045,s049
s046,s205
s046,s250
s046,s175
s046,s214
s046,s160
s046,s109
s046,s002
s046,s173
s046,s111
s046,s061
s046,s180
s046,s024
s046,s079
s046,s262
s046,s267
s046,s203
s046,s125
s046,s162
s047,s086
s047,s199
s047,s279
s047,s046
s047,s055
s047,s173
s047,s111
s047,s029
s047,s144
s047,s234
s047,s023
s047,s269
s047,s135
s047,s013
s047,s070
s047,s061
s047,s202
s047,s043
s047,s248
s047,s278
s047,s012
s047,s232
s047,s025
s047,s006
s047,s208
s047,s275
s047,s180
s047,s123
s047,s156
s047,s087
s047,s122
s047,s115
s047,s024
s047,s151
s047,s101
s047,s134
s047,s268
s047,s230
s047,s200
s047,s015
s047,s028
s047,s007
s047,s081
s047,s062
s047,s260
s047,s211
s047,s034
s047,s178
s047,s196
s047,s026
s047,s203
s047,s125
s048,s264
s048,s128
s048,s270
s048,s245
s048,s201
s048,s175
s048,s033
s048,s002
s048,s129
s048,s113
s048,s269
s048,s073
s048,s170
s048,s204
s048,s013
s048,s061
s048,s202
s048,s045
s048,s043
s048,s216
s048,s223
s048,s025
s048,s006
s048,s208
s048,s180
s048,s096
s048,s273
s048,s193
s048,s156
s048,s024
s048,s241
s048,s213
s048,s179
s048,s134
s048,s031
s048,s268
s048,s244
s048,s127
s048,s200
s048,s019
s048,s225
s048,s209
s048,s211
s048,s103
s048,s145
s048,s001
s048,s229
s048,s231
s048,s254
s048,s171
s048,s265
s048,s238
s048,s048
s048,s052
s048,s132
s048,s210
s048,s192
s049,s147
s049,s182
s049,s110
s049,s274
s049,s172
s049,s100
s049,s103
s049,s189
s049,s157
s049,s258
s049,s059
s049,s063
s050,s270
s050,s069
s050,s076
s050,s206
s050,s023
s050,s163
s050,s010
s050,s043
s050,s047
s050,s114
s050,s040
s050,s180
s050,s256
s050,s244
s050,s094
s050,s274
s050,s150
s050,s008
s050,s187
s050,s108
s050,s004
s050,s130
s050,s071
s050,s197
s050,s192
s050,s164
s051,s220
s051,s247
s051,s109
s051,s016
s051,s083
s051,s278
s051,s012
s051,s275
s051,s101
s051,s172
s051,s142
s051,s263
s051,s267
s051,s258
s052,s201
s052,s226
s052,s030
s052,s217
s052,s180
s052,s181
s052,s031
s052,s255
s052,s177
s052,s229
s052,s254
s052,s102
s052,s059
s053,s021
s053,s129
s053,s055
s053,s173
s053,s078
s053,s025
s053,s082
s053,s079
s053,s027
s053,s037
s053,s039
s053,s258
s053,s178
s054,s017
s054,s124
s054,s205
s054,s218
s054,s199
s054,s201
s054,s259
s054,s271
s054,s033
s054,s078
s054,s144
s054,s013
s054,s190
s054,s217
s054,s248
s054,s012
s054,s216
s054,s223
s054,s208
s054,s022
s054,s122
s054,s101
s054,s246
s054,s099
s054,s031
s054,s268
s054,s127
s054,s167
s054,s219
s054,s200
s054,s105
s054,s062
s054,s060
s054,s027
s054,s211
s054,s137
s054,s133
s054,s089
s054,s177
s054,s228
s054,s176
s054,s001
s054,s077
s054,s267
s054,s057
s054,s090
s054,s231
s054,s254
s054,s258
s054,s054
s054,s212
s054,s102
s054,s034
s054,s052
s054,s178
s054,s210
s054,s196
s054,s026
s054,s059
s054,s203
s054,s125
s054,s075
s054,s063
s054,s162
s055,s086
s055,s053
s055,s201
s055,s259
s055,s136
s055,s014
s055,s233
s055,s033
s055,s159
s055,s173
s055,s078
s055,s005
s055,s070
s055,s248
s055,s047
s055,s012
s055,s006
s055,s208
s055,s273
s055,s087
s055,s151
s055,s166
s055,s101
s055,s099
s055,s134
s055,s007
s055,s081
s055,s062
s055,s225
s055,s037
s055,s089
s055,s039
s055,s266
s055,s142
s055,s090
s055,s258
s055,s034
s055,s178
s055,s075
s056,s009
s056,s279
s056,s220
s056,s088
s056,s029
s056,s217
s056,s273
s056,s123
s056,s122
s056,s151
s056,s015
s056,s028
s056,s034
s057,s118
s057,s199
s057,s033
s057,s029
s057,s025
s057,s022
s057,s105
s057,s260
s057,s027
s057,s077
s057,s090
s057,s231
s057,s106
s057,s054
s057,s026
s057,s063
s057,s162
s058,s152
s058,s069
s058,s242
s058,s097
s058,s213
s058,s251
s058,s210
s059,s009
s059,s086
s059,s201
s059,s226
s059,s247
s059,s107
s059,s078
s059,s030
s059,s206
s059,s144
s059,s234
s059,s146
s059,s190
s059,s217
s059,s248
s059,s040
s059,s273
s059,s082
s059,s087
s059,s122
s059,s241
s059,s181
s059,s101
s059,s255
s059,s028
s059,s062
s059,s260
s059,s060
s059,s209
s059,s211
s059,s262
s059,s222
s059,s037
s059,s257
s059,s103
s059,s194
s059,s092
s059,s089
s059,s143
s059,s177
s059,s228
s059,s176
s059,s039
s059,s266
s059,s277
s059,s001
s059,s077
s059,s267
s059,s057
s059,s229
s059,s090
s059,s231
s059,s106
s059,s254
s059,s171
s059,s189
s059,s157
s059,s258
s059,s054
s059,s212
s059,s080
s059,s265
s059,s238
s059,s048
s059,s102
s059,s138
s059,s049
s059,s034
s059,s052
s059,s178
s059,s210
s059,s065
s059,s196
s059,s026
s059,s059
s059,s203
s059,s125
s059,s075
s059,s116
s059,s252
s059,s063
s059,s162
s060,s003
s060,s279
s060,s226
s060,s033
s060,s002
s060,s078
s060,s206
s060,s216
s060,s208
s060,s213
s060,s181
s060,s246
s060,s031
s060,s268
s060,s255
s060,s230
s060,s167
s060,s062
s060,s207
s060,s257
s060,s001
s060,s090
s060,s054
s060,s196
s060,s203
s061,s009
s061,s128
s061,s205
s061,s218
s061,s201
s061,s046
s061,s014
s061,s247
s061,s088
s061,s109
s061,s104
s061,s129
s061,s173
s061,s030
s061,s083
s061,s144
s061,s234
s061,s269
s061,s204
s061,s135
s061,s013
s061,s146
s061,s190
s061,s005
s061,s043
s061,s248
s061,s047
s061,s012
s061,s232
s061,s006
s061,s208
s061,s275
s061,s221
s061,s180
s061,s273
s061,s239
s061,s022
s061,s082
s061,s123
s061,s087
s061,s122
s061,s115
s061,s024
s061,s120
s061,s151
s061,s185
s061,s179
s061,s166
s061,s181
s061,s101
s061,s134
s061,s268
s061,s255
s061,s158
s061,s019
s061,s028
s061,s081
s061,s062
s061,s184
s061,s225
s061,s108
s061,s209
s061,s211
s061,s262
s061,s137
s061,s092
s061,s089
s061,s177
s061,s228
s061,s176
s061,s001
s061,s231
s061,s238
s061,s048
s061,s102
s061,s052
s061,s132
s061,s210
s061,s196
s061,s026
s061,s059
s062,s218
s062,s201
s062,s259
s062,s271
s062,s014
s062,s247
s062,s033
s062,s055
s062,s078
s062,s005
s062,s070
s062,s061
s062,s248
s062,s012
s062,s006
s062,s101
s062,s099
s062,s167
s062,s219
s062,s062
s062,s060
s062,s222
s062,s089
s062,s176
s062,s090
s062,s258
s062,s054
s062,s178
s062,s196
s062,s203
s062,s218
s062,s201
s062,s259
s062,s271
s062,s014
s062,s247
s062,s109
s062,s033
s062,s055
s062,s078
s062,s005
s062,s070
s062,s061
s062,s248
s062,s012
s062,s006
s062,s101
s062,s099
s062,s167
s062,s219
s062,s062
s062,s060
s062,s222
s062,s089
s062,s176
s062,s090
s062,s258
s062,s054
s062,s178
s062,s196
s062,s203
s063,s236
s063,s230
s064,s118
s064,s270
s064,s205
s064,s250
s064,s199
s064,s069
s064,s240
s064,s153
s064,s016
s064,s104
s064,s066
s064,s076
s064,s174
s064,s215
s064,s183
s064,s173
s064,s023
s064,s269
s064,s198
s064,s073
s064,s163
s064,s237
s064,s261
s064,s170
s064,s204
s064,s064
s064,s005
s064,s070
s064,s061
s064,s202
s064,s045
s064,s043
s064,s038
s064,s047
s064,s161
s064,s182
s064,s012
s064,s216
s064,s243
s064,s191
s064,s114
s064,s097
s064,s223
s064,s232
s064,s006
s064,s221
s064,s180
s064,s096
s064,s273
s064,s239
s064,s193
s064,s249
s064,s082
s064,s120
s064,s121
s064,s241
s064,s098
s064,s274
s064,s139
s064,s187
s064,s225
s064,s108
s064,s058
s064,s207
s064,s004
s064,s251
s064,s071
s064,s177
s064,s266
s064,s142
s064,s050
s064,s189
s064,s126
s064,s074
s064,s197
s064,s125
s065,s205
s065,s111
s065,s073
s065,s248
s065,s278
s065,s044
s065,s158
s065,s020
s065,s253
s065,s133
s065,s032
s065,s267
s065,s229
s065,s171
s065,s178
s065,s065
s065,s196
s065,s125
s065,s252
s065,s164
s065,s162
s066,s264
s066,s270
s066,s250
s066,s218
s066,s201
s066,s259
s066,s271
s066,s085
s066,s186
s066,s220
s066,s233
s066,s247
s066,s088
s066,s016
s066,s033
s066,s002
s066,s107
s066,s159
s066,s111
s066,s234
s066,s073
s066,s204
s066,s216
s066,s232
s066,s180
s066,s273
s066,s122
s066,s241
s066,s195
s066,s167
s066,s219
s066,s200
s066,s062
s066,s108
s066,s262
s066,s093
s066,s168
s066,s177
s066,s142
s066,s277
s066,s077
s066,s267
s066,s231
s066,s054
s066,s080
s066,s059
s066,s203
s066,s125
s066,s162
s067,s009
s067,s270
s067,s240
s067,s175
s067,s021
s067,s170
s067,s179
s067,s134
s067,s244
s067,s200
s067,s225
s067,s211
s067,s093
s067,s263
s067,s265
s067,s138
s068,s112
s068,s153
s068,s185
s068,s241
s068,s224
s068,s236
s068,s230
s068,s019
s068,s272
s068,s184
s068,s187
s068,s041
s068,s222
s068,s145
s068,s036
s069,s154
s069,s206
s069,s147
s069,s150
s069,s187
s069,s130
s070,s009
s070,s086
s070,s220
s070,s247
s070,s088
s070,s055
s070,s030
s070,s234
s070,s204
s070,s135
s070,s013
s070,s248
s070,s278
s070,s047
s070,s223
s070,s025
s070,s006
s070,s180
s070,s022
s070,s122
s070,s115
s070,s268
s070,s015
s070,s081
s070,s267
s071,s174
s071,s183
s071,s163
s071,s064
s071,s096
s071,s139
s071,s108
s071,s251
s072,s076
s072,s147
s072,s278
s072,s236
s072,s100
s072,s171
s072,s157
s072,s065
s072,s026
s073,s270
s073,s218
s073,s186
s073,s104
s073,s021
s073,s066
s073,s005
s073,s045
s073,s097
s073,s040
s073,s223
s073,s025
s073,s208
s073,s096
s073,s024
s073,s093
s073,s171
s073,s189
s073,s138
s073,s164
s074,s174
s074,s215
s074,s043
s074,s096
s074,s098
s074,s187
s074,s108
s074,s207
s074,s251
s074,s071
s075,s009
s075,s128
s075,s124
s075,s205
s075,s250
s075,s201
s075,s226
s075,s247
s075,s033
s075,s029
s075,s234
s075,s013
s075,s190
s075,s217
s075,s202
s075,s248
s075,s012
s075,s193
s075,s123
s075,s031
s075,s255
s075,s172
s075,s007
s075,s081
s075,s225
s075,s207
s075,s262
s075,s137
s075,s257
s075,s103
s075,s051
s075,s089
s075,s177
s075,s176
s075,s266
s075,s001
s075,s229
s075,s231
s075,s254
s075,s054
s075,s080
s075,s034
s075,s052
s075,s178
s075,s196
s075,s026
s075,s059
s075,s203
s076,s118
s076,s016
s076,s174
s076,s183
s076,s147
s076,s140
s076,s161
s076,s182
s076,s024
s076,s241
s076,s098
s076,s150
s076,s108
s076,s074
s076,s197
s077,s085
s077,s014
s077,s233
s077,s078
s077,s248
s077,s012
s077,s025
s077,s151
s077,s246
s077,s079
s077,s236
s077,s062
s077,s027
s077,s137
s077,s089
s077,s143
s077,s039
s077,s077
s077,s057
s077,s106
s077,s258
s077,s054
s077,s178
s077,s196
s077,s026
s077,s203
s077,s252
s077,s063
s077,s162
s078,s086
s078,s053
s078,s201
s078,s033
s078,s055
s078,s248
s078,s012
s078,s101
s078,s099
s078,s062
s078,s222
s078,s089
s078,s077
s078,s267
s078,s090
s078,s178
s078,s203
s079,s053
s079,s002
s079,s243
s079,s082
s079,s227
s079,s039
s079,s258
s080,s002
s080,s129
s080,s243
s080,s236
s080,s172
s080,s037
s080,s092
s080,s168
s080,s001
s080,s258
s080,s212
s080,s238
s080,s026
s081,s086
s081,s218
s081,s055
s081,s029
s081,s234
s081,s070
s081,s248
s081,s047
s081,s012
s081,s040
s081,s025
s081,s221
s081,s180
s081,s273
s081,s022
s081,s134
s081,s268
s081,s167
s081,s219
s081,s019
s081,s015
s081,s007
s081,s062
s081,s106
s081,s034
s081,s026
s081,s203
s082,s053
s082,s226
s082,s085
s082,s233
s082,s247
s082,s088
s082,s129
s082,s107
s082,s269
s082,s064
s082,s012
s082,s025
s082,s221
s082,s273
s082,s181
s082,s079
s082,s027
s082,s257
s082,s039
s082,s077
s082,s258
s082,s034
s083,s017
s083,s205
s083,s056
s083,s174
s083,s173
s083,s131
s083,s106
s084,s118
s084,s152
s084,s086
s084,s270
s084,s250
s084,s018
s084,s078
s084,s269
s085,s220
s085,s233
s085,s159
s085,s027
s085,s039
s085,s077
s086,s053
s086,s199
s086,s259
s086,s271
s086,s016
s086,s066
s086,s055
s086,s107
s086,s084
s086,s144
s086,s269
s086,s070
s086,s278
s086,s012
s086,s208
s086,s179
s086,s101
s086,s099
s086,s081
s086,s062
s086,s260
s086,s209
s086,s211
s086,s089
s086,s263
s086,s267
s086,s048
s086,s178
s086,s026
s086,s162
s087,s128
s087,s218
s087,s279
s087,s201
s087,s220
s087,s107
s087,s173
s087,s030
s087,s144
s087,s190
s087,s061
s087,s243
s087,s208
s087,s221
s087,s273
s087,s193
s087,s134
s087,s268
s087,s230
s087,s167
s087,s019
s087,s225
s087,s143
s087,s142
s087,s102
s087,s196
s087,s026
s087,s059
s087,s164
s088,s240
s088,s220
s088,s056
s088,s247
s088,s029
s088,s234
s088,s180
s088,s122
s088,s015
s088,s028
s088,s228
s089,s259
s089,s220
s089,s033
s089,s055
s089,s078
s089,s144
s089,s013
s089,s146
s089,s190
s089,s248
s089,s012
s089,s273
s089,s087
s089,s122
s089,s166
s089,s101
s089,s099
s089,s019
s089,s062
s089,s225
s089,s211
s089,s103
s089,s089
s089,s143
s089,s176
s089,s039
s089,s266
s089,s263
s089,s077
s089,s267
s089,s090
s089,s054
s089,s178
s089,s196
s089,s026
s089,s203
s090,s259
s090,s271
s090,s002
s090,s055
s090,s078
s090,s013
s090,s005
s090,s248
s090,s101
s090,s246
s090,s099
s090,s060
s090,s037
s090,s089
s090,s176
s090,s001
s090,s077
s090,s057
s090,s258
s090,s054
s090,s178
s090,s196
s090,s203
s090,s063
s091,s264
s091,s046
s091,s109
s091,s120
s091,s260
s091,s020
s091,s211
s091,s157
s092,s173
s092,s005
s092,s045
s092,s208
s092,s221
s092,s180
s092,s123
s092,s155
s092,s099
s092,s236
s092,s148
s092,s209
s092,s093
s092,s103
s092,s039
s092,s001
s092,s231
s092,s258
s092,s212
s092,s080
s092,s238
s092,s026
s092,s203
s092,s116
s093,s128
s093,s270
s093,s250
s093,s240
s093,s186
s093,s104
s093,s021
s093,s066
s093,s174
s093,s215
s093,s183
s093,s131
s093,s198
s093,s073
s093,s237
s093,s010
s093,s243
s093,s191
s093,s208
s093,s275
s093,s096
s093,s024
s093,s213
s093,s179
s093,s067
s093,s139
s093,s184
s093,s108
s093,s251
s093,s209
s093,s211
s093,s100
s093,s103
s093,s194
s093,s092
s093,s168
s093,s145
s093,s071
s093,s117
s093,s277
s093,s263
s093,s267
s093,s231
s093,s171
s093,s189
s093,s157
s093,s138
s093,s126
s093,s210
s093,s036
s093,s026
s093,s074
s093,s125
s093,s164
s094,s069
s094,s206
s094,s182
s094,s141
s094,s041
s094,s130
s094,s050
s094,s192
s095,s153
s095,s198
s095,s202
s095,s045
s095,s216
s095,s180
s095,s185
s095,s188
s095,s235
s095,s184
s095,s231
s095,s138
s095,s126
s095,s049
s096,s270
s096,s250
s096,s199
s096,s174
s096,s183
s096,s043
s096,s006
s096,s273
s096,s024
s096,s219
s096,s108
s096,s251
s096,s093
s096,s048
s097,s118
s097,s250
s097,s199
s097,s240
s097,s016
s097,s104
s097,s076
s097,s174
s097,s215
s097,s023
s097,s269
s097,s073
s097,s163
s097,s064
s097,s005
s097,s140
s097,s043
s097,s232
s097,s025
s097,s208
s097,s275
s097,s096
s097,s239
s097,s123
s097,s156
s097,s087
s097,s024
s097,s241
s097,s098
s097,s105
s097,s139
s097,s187
s097,s108
s097,s058
s097,s207
s097,s251
s097,s211
s097,s137
s097,s071
s097,s138
s097,s196
s097,s074
s097,s197
s097,s125
s097,s116
s098,s250
s098,s199
s098,s240
s098,s186
s098,s241
s098,s276
s098,s179
s098,s246
s098,s098
s098,s230
s098,s167
s098,s150
s098,s093
s099,s201
s099,s033
s099,s055
s099,s078
s099,s013
s099,s248
s099,s012
s099,s223
s099,s208
s099,s123
s099,s115
s099,s166
s099,s181
s099,s101
s099,s167
s099,s089
s099,s267
s099,s090
s099,s258
s099,s178
s099,s026
s099,s203
s100,s131
s100,s147
s100,s182
s100,s117
s100,s011
s101,s199
s101,s201
s101,s220
s101,s014
s101,s033
s101,s129
s101,s055
s101,s173
s101,s029
s101,s078
s101,s170
s101,s146
s101,s248
s101,s012
s101,s006
s101,s208
s101,s275
s101,s221
s101,s151
s101,s166
s101,s169
s101,s099
s101,s031
s101,s167
s101,s015
s101,s007
s101,s062
s101,s060
s101,s211
s101,s262
s101,s257
s101,s089
s101,s176
s101,s090
s101,s258
s101,s178
s101,s203
s102,s226
s102,s030
s102,s087
s102,s181
s102,s031
s102,s255
s102,s257
s102,s143
s102,s177
s102,s229
s102,s254
s102,s052
s102,s059
s103,s264
s103,s152
s103,s270
s103,s205
s103,s250
s103,s218
s103,s199
s103,s240
s103,s201
s103,s259
s103,s271
s103,s149
s103,s226
s103,s085
s103,s186
s103,s046
s103,s136
s103,s014
s103,s247
s103,s016
s103,s104
s103,s129
s103,s107
s103,s173
s103,s111
s103,s113
s103,s030
s103,s144
s103,s234
s103,s269
s103,s237
s103,s204
s103,s135
s103,s013
s103,s146
s103,s190
s103,s005
s103,s061
s103,s217
s103,s248
s103,s278
s103,s012
s103,s243
s103,s191
s103,s040
s103,s223
s103,s208
s103,s275
s103,s180
s103,s273
s103,s123
s103,s087
s103,s115
s103,s151
s103,s155
s103,s213
s103,s166
s103,s181
s103,s101
s103,s079
s103,s235
s103,s268
s103,s255
s103,s236
s103,s127
s103,s167
s103,s219
s103,s200
s103,s019
s103,s105
s103,s172
s103,s028
s103,s139
s103,s062
s103,s058
s103,s251
s103,s211
s103,s262
s103,s093
s103,s103
s103,s092
s103,s168
s103,s145
s103,s071
s103,s133
s103,s089
s103,s143
s103,s177
s103,s228
s103,s176
s103,s039
s103,s277
s103,s001
s103,s263
s103,s077
s103,s267
s103,s229
s103,s090
s103,s231
s103,s254
s103,s171
s103,s189
s103,s258
s103,s054
s103,s212
s103,s238
s103,s048
s103,s102
s103,s126
s103,s049
s103,s052
s103,s132
s103,s210
s103,s196
s103,s026
s103,s074
s103,s059
s103,s203
s103,s125
s103,s075
s103,s116
s103,s063
s103,s162
s104,s009
s104,s270
s104,s042
s104,s175
s104,s104
s104,s021
s104,s107
s104,s073
s104,s170
s104,s202
s104,s040
s104,s095
s104,s276
s104,s179
s104,s067
s104,s200
s104,s093
s104,s265
s104,s138
s105,s022
s105,s181
s105,s057
s105,s054
s106,s083
s106,s012
s106,s015
s106,s258
s106,s026
s106,s162
s107,s086
s107,s201
s107,s226
s107,s233
s107,s247
s107,s088
s107,s104
s107,s066
s107,s030
s107,s144
s107,s234
s107,s013
s107,s190
s107,s232
s107,s180
s107,s082
s107,s123
s107,s087
s107,s122
s107,s241
s107,s181
s107,s079
s107,s134
s107,s031
s107,s255
s107,s209
s107,s262
s107,s257
s107,s103
s107,s177
s107,s228
s107,s277
s107,s001
s107,s254
s107,s157
s107,s238
s107,s052
s107,s026
s107,s059
s108,s250
s108,s240
s108,s174
s108,s215
s108,s269
s108,s163
s108,s064
s108,s061
s108,s097
s108,s275
s108,s221
s108,s155
s108,s150
s108,s139
s108,s251
s108,s093
s108,s071
s108,s177
s108,s231
s109,s009
s109,s128
s109,s270
s109,s124
s109,s205
s109,s240
s109,s201
s109,s046
s109,s233
s109,s247
s109,s088
s109,s129
s109,s173
s109,s111
s109,s029
s109,s030
s109,s144
s109,s073
s109,s135
s109,s035
s109,s061
s109,s202
s109,s006
s109,s208
s109,s275
s109,s221
s109,s180
s109,s096
s109,s155
s109,s244
s109,s091
s109,s062
s109,s184
s109,s037
s109,s092
s109,s051
s109,s057
s109,s231
s109,s106
s109,s238
s109,s048
s109,s052
s109,s178
s109,s132
s109,s065
s109,s196
s109,s075
s110,s154
s110,s131
s111,s046
s111,s109
s111,s206
s111,s269
s111,s223
s111,s024
s111,s246
s111,s020
s111,s207
s111,s004
s111,s209
s111,s253
s111,s065
s111,s162
s112,s118
s112,s017
s112,s086
s112,s128
s112,s270
s112,s245
s112,s042
s112,s149
s112,s153
s112,s109
s112,s261
s112,s045
s112,s043
s112,s223
s112,s044
s112,s095
s112,s185
s112,s068
s112,s224
s112,s272
s112,s184
s112,s041
s112,s222
s112,s145
s112,s036
s113,s017
s113,s124
s113,s250
s113,s199
s113,s042
s113,s259
s113,s271
s113,s088
s113,s104
s113,s107
s113,s154
s113,s234
s113,s023
s113,s269
s113,s182
s113,s191
s113,s114
s113,s040
s113,s022
s113,s079
s113,s274
s113,s020
s113,s251
s113,s209
s113,s210
s113,s196
s114,s017
s114,s124
s114,s250
s114,s113
s114,s023
s114,s135
s114,s038
s114,s191
s114,s040
s114,s096
s114,s022
s114,s024
s114,s274
s114,s251
s114,s194
s114,s117
s114,s171
s114,s157
s115,s279
s115,s259
s115,s214
s115,s013
s115,s166
s115,s101
s115,s134
s115,s031
s115,s268
s115,s225
s115,s051
s115,s229
s115,s203
s116,s055
s116,s005
s116,s180
s116,s123
s116,s151
s116,s101
s116,s019
s116,s028
s116,s092
s116,s089
s116,s142
s116,s001
s116,s032
s116,s057
s116,s090
s116,s254
s116,s034
s116,s210
s116,s196
s116,s026
s116,s203
s117,s147
s117,s135
s117,s141
s117,s100
s117,s164
s117,s011
s118,s205
s118,s220
s118,s215
s118,s097
s118,s095
s118,s268
s118,s105
s118,s267
s118,s057
s118,s157
s118,s054
s119,s069
s119,s201
s119,s153
s119,s247
s119,s215
s119,s173
s119,s131
s119,s269
s119,s237
s119,s045
s119,s165
s119,s191
s119,s223
s119,s006
s119,s221
s119,s180
s119,s096
s119,s044
s119,s239
s119,s185
s119,s150
s119,s139
s119,s184
s119,s187
s119,s108
s119,s100
s119,s130
s119,s093
s119,s092
s119,s051
s119,s117
s119,s089
s119,s143
s119,s277
s119,s001
s119,s189
s119,s157
s119,s258
s119,s048
s119,s049
s119,s210
s119,s036
s119,s192
s119,s252
s119,s164
s119,s011
s119,s063
s119,s162
s120,s198
s120,s163
s120,s204
s120,s202
s120,s191
s120,s156
s120,s252
s121,s234
s121,s035
s121,s043
s121,s006
s121,s239
s121,s123
s121,s127
s121,s187
s121,s143
s121,s263
s121,s189
s122,s124
s122,s247
s122,s088
s122,s144
s122,s135
s122,s190
s122,s012
s122,s166
s122,s089
s122,s228
s122,s176
s122,s054
s122,s196
s123,s056
s123,s029
s123,s234
s123,s217
s123,s087
s123,s122
s123,s151
s123,s028
s123,s034
s124,s017
s124,s218
s124,s199
s124,s259
s124,s271
s124,s056
s124,s247
s124,s088
s124,s021
s124,s055
s124,s113
s124,s030
s124,s144
s124,s234
s124,s135
s124,s190
s124,s038
s124,s114
s124,s025
s124,s208
s124,s123
s124,s122
s124,s219
s124,s062
s124,s027
s124,s143
s124,s001
s124,s057
s124,s090
s124,s254
s124,s238
s124,s048
s124,s196
s124,s026
s124,s203
s125,s118
s125,s264
s125,s086
s125,s124
s125,s205
s125,s250
s125,s218
s125,s199
s125,s240
s125,s201
s125,s259
s125,s271
s125,s186
s125,s220
s125,s016
s125,s033
s125,s066
s125,s174
s125,s215
s125,s183
s125,s111
s125,s029
s125,s078
s125,s064
s125,s248
s125,s278
s125,s012
s125,s216
s125,s097
s125,s223
s125,s208
s125,s221
s125,s273
s125,s239
s125,s151
s125,s099
s125,s236
s125,s172
s125,s139
s125,s062
s125,s060
s125,s187
s125,s225
s125,s108
s125,s207
s125,s251
s125,s209
s125,s137
s125,s093
s125,s103
s125,s168
s125,s071
s125,s089
s125,s143
s125,s177
s125,s228
s125,s176
s125,s039
s125,s142
s125,s277
s125,s001
s125,s267
s125,s090
s125,s171
s125,s189
s125,s054
s125,s080
s125,s238
s125,s048
s125,s138
s125,s178
s125,s210
s125,s196
s125,s026
s125,s074
s125,s203
s125,s075
s125,s116
s125,s063
s125,s162
s126,s153
s126,s198
s126,s202
s126,s045
s126,s095
s126,s185
s126,s188
s126,s195
s126,s169
s126,s224
s126,s184
s126,s168
s126,s277
s126,s231
s127,s017
s127,s152
s127,s124
s127,s205
s127,s199
s127,s259
s127,s220
s127,s247
s127,s111
s127,s113
s127,s204
s127,s035
s127,s242
s127,s043
s127,s275
s127,s180
s127,s121
s127,s155
s127,s213
s127,s255
s127,s158
s127,s244
s127,s127
s127,s108
s127,s137
s127,s143
s127,s001
s127,s263
s127,s054
s127,s212
s127,s048
s127,s052
s127,s132
s127,s162
s128,s240
s128,s201
s128,s233
s128,s247
s128,s109
s128,s129
s128,s173
s128,s030
s128,s144
s128,s269
s128,s237
s128,s204
s128,s013
s128,s061
s128,s208
s128,s180
s128,s193
s128,s087
s128,s115
s128,s101
s128,s134
s128,s268
s128,s158
s128,s236
s128,s167
s128,s200
s128,s019
s128,s007
s128,s260
s128,s225
s128,s108
s128,s209
s128,s211
s128,s262
s128,s257
s128,s093
s128,s103
s128,s168
s128,s089
s128,s143
s128,s176
s128,s039
s128,s142
s128,s001
s128,s263
s128,s267
s128,s171
s128,s189
s128,s212
s128,s048
s128,s102
s128,s210
s128,s196
s128,s026
s128,s203
s128,s075
s129,s118
s129,s017
s129,s086
s129,s128
s129,s205
s129,s053
s129,s201
s129,s085
s129,s233
s129,s021
s129,s055
s129,s173
s129,s029
s129,s269
s129,s204
s129,s146
s129,s005
s129,s061
s129,s275
s129,s123
s129,s024
s129,s151
s129,s185
s129,s166
s129,s134
s129,s031
s129,s268
s129,s255
s129,s236
s129,s230
s129,s019
s129,s028
s129,s062
s129,s027
s129,s211
s129,s103
s129,s092
s129,s168
s129,s145
s129,s039
s129,s001
s129,s231
s129,s048
s129,s034
s129,s132
s129,s026
s129,s203
s129,s252
s129,s118
s129,s017
s129,s086
s129,s128
s129,s205
s129,s053
s129,s201
s129,s085
s129,s233
s129,s021
s129,s055
s129,s173
s129,s029
s129,s269
s129,s204
s129,s146
s129,s005
s129,s061
s129,s275
s129,s123
s129,s024
s129,s151
s129,s185
s129,s166
s129,s134
s129,s031
s129,s268
s129,s255
s129,s236
s129,s230
s129,s019
s129,s028
s129,s062
s129,s027
s129,s211
s129,s262
s129,s103
s129,s092
s129,s168
s129,s145
s129,s039
s129,s001
s129,s231
s129,s048
s129,s034
s129,s132
s129,s026
s129,s203
s129,s252
s130,s069
s130,s182
s130,s094
s130,s150
s130,s050
s130,s192
s131,s205
s131,s153
s131,s215
s131,s147
s131,s023
s131,s035
s131,s141
s131,s148
s131,s100
s131,s093
s131,s117
s131,s164
s132,s048
s132,s063
s133,s264
s133,s250
s133,s218
s133,s259
s133,s271
s133,s186
s133,s033
s133,s066
s133,s111
s133,s237
s133,s242
s133,s120
s133,s253
s133,s177
s133,s176
s133,s039
s133,s001
s133,s090
s133,s258
s133,s080
s133,s065
s133,s196
s133,s252
s133,s063
s134,s128
s134,s279
s134,s014
s134,s107
s134,s144
s134,s013
s134,s087
s134,s115
s134,s268
s134,s158
s134,s230
s134,s081
s134,s211
s134,s089
s134,s176
s134,s142
s134,s254
s134,s052
s134,s210
s135,s070
s135,s038
s135,s114
s135,s137
s135,s117
s136,s118
s136,s152
s136,s205
s136,s201
s136,s046
s136,s056
s136,s104
s136,s033
s136,s129
s136,s055
s136,s111
s136,s023
s136,s198
s136,s045
s136,s243
s136,s044
s136,s095
s136,s185
s136,s188
s136,s195
s136,s169
s136,s235
s136,s236
s136,s209
s136,s137
s136,s103
s136,s168
s136,s277
s136,s231
s136,s258
s136,s126
s137,s205
s137,s259
s137,s220
s137,s136
s137,s056
s137,s135
s137,s038
s137,s243
s137,s180
s137,s122
s137,s151
s137,s155
s137,s179
s137,s195
s137,s246
s137,s268
s137,s236
s137,s230
s137,s127
s137,s091
s137,s008
s137,s262
s138,s104
s138,s067
s138,s229
s138,s178
s138,s065
s138,s196
s138,s164
s139,s215
s139,s163
s139,s064
s139,s108
s139,s071
s140,s270
s140,s240
s140,s215
s140,s206
s140,s163
s140,s010
s140,s190
s140,s202
s140,s045
s140,s140
s140,s182
s140,s097
s140,s249
s140,s256
s140,s139
s140,s251
s140,s228
s141,s131
s141,s147
s141,s023
s141,s170
s141,s038
s141,s182
s141,s216
s141,s243
s141,s180
s141,s239
s141,s110
s141,s141
s141,s236
s141,s094
s141,s274
s141,s137
s141,s100
s141,s117
s141,s164
s142,s055
s142,s239
s142,s087
s142,s166
s142,s101
s142,s134
s142,s200
s142,s020
s142,s225
s142,s266
s142,s090
s142,s052
s142,s036
s143,s218
s143,s279
s143,s201
s143,s220
s143,s056
s143,s016
s143,s030
s143,s144
s143,s147
s143,s269
s143,s013
s143,s221
s143,s087
s143,s121
s143,s268
s143,s262
s143,s257
s143,s089
s143,s102
s143,s164
s144,s201
s144,s046
s144,s247
s144,s088
s144,s107
s144,s173
s144,s030
s144,s234
s144,s012
s144,s208
s144,s087
s144,s122
s144,s166
s144,s134
s144,s167
s144,s225
s144,s211
s144,s103
s144,s176
s144,s001
s144,s026
s144,s203
s145,s017
s145,s264
s145,s112
s145,s042
s145,s259
s145,s271
s145,s129
s145,s174
s145,s234
s145,s023
s145,s261
s145,s170
s145,s005
s145,s045
s145,s223
s145,s025
s145,s044
s145,s227
s145,s095
s145,s068
s145,s169
s145,s224
s145,s008
s145,s184
s145,s041
s145,s209
s145,s093
s145,s194
s145,s092
s145,s133
s145,s032
s145,s231
s145,s212
s145,s048
s145,s126
s145,s132
s145,s036
s145,s192
s145,s203
s145,s075
s145,s252
s146,s003
s146,s201
s146,s226
s146,s214
s146,s129
s146,s173
s146,s013
s146,s190
s146,s012
s146,s006
s146,s273
s146,s185
s146,s181
s146,s101
s146,s089
s146,s266
s146,s001
s146,s059
s146,s203
s146,s003
s146,s201
s146,s226
s146,s214
s146,s173
s146,s013
s146,s190
s146,s012
s146,s006
s146,s273
s146,s193
s146,s185
s146,s181
s146,s101
s146,s089
s146,s266
s146,s001
s146,s059
s146,s203
s147,s072
s147,s069
s147,s131
s147,s191
s147,s100
s147,s143
s147,s011
s148,s245
s148,s001
s148,s212
s149,s009
s149,s245
s149,s233
s149,s147
s149,s237
s149,s191
s150,s069
s150,s154
s150,s206
s150,s163
s150,s239
s150,s094
s150,s139
s150,s184
s150,s187
s150,s108
s150,s251
s150,s211
s150,s130
s150,s050
s150,s192
s151,s056
s151,s029
s151,s273
s151,s123
s151,s015
s151,s028
s151,s034
s152,s118
s152,s152
s152,s086
s152,s128
s152,s270
s152,s245
s152,s218
s152,s112
s152,s072
s152,s240
s152,s201
s152,s271
s152,s149
s152,s085
s152,s136
s152,s233
s152,s055
s152,s107
s152,s113
s152,s144
s152,s204
s152,s013
s152,s242
s152,s043
s152,s248
s152,s097
s152,s040
s152,s208
s152,s275
s152,s221
s152,s096
s152,s120
s152,s213
s152,s179
s152,s067
s152,s127
s152,s172
s152,s058
s152,s207
s152,s093
s152,s103
s152,s092
s152,s075
s152,s162
s153,s112
s153,s042
s153,s175
s153,s261
s153,s045
s153,s044
s153,s095
s153,s068
s153,s224
s153,s272
s153,s184
s153,s041
s153,s145
s153,s231
s153,s126
s153,s036
s154,s264
s154,s186
s154,s014
s154,s016
s154,s113
s154,s147
s154,s005
s154,s110
s154,s141
s154,s094
s154,s100
s154,s130
s154,s119
s154,s117
s154,s164
s154,s011
s154,s063
s155,s017
s155,s218
s155,s220
s155,s030
s155,s190
s155,s273
s155,s213
s155,s166
s155,s101
s155,s099
s155,s031
s155,s268
s155,s158
s155,s236
s155,s127
s155,s148
s155,s108
s155,s092
s155,s039
s155,s001
s155,s258
s155,s238
s155,s132
s155,s026
s156,s118
s156,s152
s156,s009
s156,s270
s156,s245
s156,s205
s156,s218
s156,s199
s156,s175
s156,s259
s156,s109
s156,s033
s156,s129
s156,s173
s156,s023
s156,s269
s156,s198
s156,s163
s156,s170
s156,s204
s156,s202
s156,s278
s156,s165
s156,s208
s156,s273
s156,s239
s156,s123
s156,s156
s156,s087
s156,s227
s156,s120
s156,s155
s156,s213
s156,s179
s156,s166
s156,s101
s156,s256
s156,s134
s156,s268
s156,s158
s156,s244
s156,s127
s156,s200
s156,s105
s156,s007
s156,s225
s156,s108
s156,s211
s156,s093
s156,s092
s156,s089
s156,s142
s156,s001
s156,s077
s156,s229
s156,s050
s156,s254
s156,s258
s156,s265
s156,s048
s156,s178
s156,s132
s156,s210
s156,s026
s156,s203
s157,s086
s157,s113
s157,s191
s157,s114
s157,s241
s157,s274
s157,s209
s157,s194
s158,s128
s158,s173
s158,s061
s158,s099
s158,s134
s158,s007
s158,s225
s158,s207
s158,s026
s159,s085
s159,s220
s159,s233
s159,s066
s159,s055
s159,s083
s159,s025
s159,s239
s159,s166
s159,s027
s159,s252
s160,s009
s160,s205
s160,s053
s160,s003
s160,s220
s160,s056
s160,s247
s160,s030
s160,s234
s160,s217
s160,s255
s160,s015
s160,s028
s160,s148
s160,s137
s160,s102
s160,s203
s161,s069
s161,s240
s161,s175
s161,s154
s161,s131
s161,s206
s161,s144
s161,s147
s161,s010
s161,s182
s161,s040
s161,s239
s161,s249
s161,s110
s161,s141
s161,s241
s161,s150
s161,s187
s161,s100
s161,s130
s161,s117
s161,s050
s161,s197
s161,s164
s161,s011
s161,s063
s162,s118
s162,s205
s162,s250
s162,s218
s162,s199
s162,s279
s162,s240
s162,s259
s162,s271
s162,s186
s162,s046
s162,s066
s162,s073
s162,s204
s162,s013
s162,s070
s162,s140
s162,s248
s162,s278
s162,s012
s162,s025
s162,s208
s162,s275
s162,s221
s162,s180
s162,s249
s162,s246
s162,s236
s162,s127
s162,s094
s162,s200
s162,s019
s162,s172
s162,s260
s162,s251
s162,s209
s162,s194
s162,s168
s162,s089
s162,s228
s162,s176
s162,s277
s162,s001
s162,s263
s162,s077
s162,s267
s162,s106
s162,s171
s162,s054
s162,s065
s162,s196
s162,s026
s162,s203
s162,s125
s163,s250
s163,s069
s163,s240
s163,s076
s163,s174
s163,s215
s163,s183
s163,s154
s163,s198
s163,s237
s163,s204
s163,s010
s163,s064
s163,s140
s163,s043
s163,s165
s163,s243
s163,s191
s163,s114
s163,s097
s163,s096
s163,s239
s163,s156
s163,s024
s163,s120
s163,s241
s163,s098
s163,s150
s163,s139
s163,s108
s163,s251
s163,s071
s163,s050
s164,s030
s164,s154
s164,s131
s164,s147
s164,s073
s164,s182
s164,s221
s164,s141
s164,s167
s164,s100
s164,s093
s164,s117
s164,s138
s164,s011
s165,s129
s165,s269
s165,s198
s165,s120
s165,s079
s165,s032
s165,s252
s166,s118
s166,s264
s166,s009
s166,s086
s166,s053
s166,s199
s166,s279
s166,s201
s166,s175
s166,s259
s166,s186
s166,s220
s166,s233
s166,s104
s166,s129
s166,s159
s166,s173
s166,s111
s166,s030
s166,s154
s166,s144
s166,s023
s166,s269
s166,s204
s166,s190
s166,s061
s166,s242
s166,s217
s166,s278
s166,s012
s166,s191
s166,s040
s166,s025
s166,s208
s166,s275
s166,s221
s166,s180
s166,s273
s166,s239
s166,s193
s166,s123
s166,s156
s166,s087
s166,s122
s166,s141
s166,s155
s166,s241
s166,s179
s166,s188
s166,s166
s166,s195
s166,s101
s166,s246
s166,s169
s166,s099
s166,s224
s166,s256
s166,s134
s166,s268
s166,s255
s166,s158
s166,s098
s166,s236
s166,s244
s166,s230
s166,s127
s166,s094
s166,s167
s166,s219
s166,s200
s166,s019
s166,s105
s166,s150
s166,s172
s166,s015
s166,s028
s166,s148
s166,s007
s166,s139
s166,s091
s166,s260
s166,s020
s166,s008
s166,s060
s166,s184
s166,s225
s166,s108
s166,s058
s166,s027
s166,s207
s166,s251
s166,s209
s166,s211
s166,s137
s166,s037
s166,s257
s166,s089
s166,s143
s166,s177
s166,s039
s166,s266
s166,s142
s166,s001
s166,s077
s166,s267
s166,s057
s166,s050
s166,s254
s166,s258
s166,s212
s166,s178
s166,s210
s166,s196
s166,s026
s166,s197
s166,s203
s166,s075
s166,s063
s166,s162
s167,s240
s167,s201
s167,s214
s167,s247
s167,s109
s167,s030
s167,s144
s167,s204
s167,s013
s167,s005
s167,s070
s167,s061
s167,s217
s167,s248
s167,s278
s167,s191
s167,s097
s167,s223
s167,s006
s167,s275
s167,s221
s167,s180
s167,s273
s167,s239
s167,s022
s167,s123
s167,s087
s167,s115
s167,s188
s167,s166
s167,s181
s167,s101
s167,s099
s167,s134
s167,s031
s167,s268
s167,s255
s167,s105
s167,s172
s167,s015
s167,s028
s167,s148
s167,s007
s167,s062
s167,s060
s167,s225
s167,s207
s167,s209
s167,s257
s167,s103
s167,s089
s167,s143
s167,s177
s167,s176
s167,s263
s167,s090
s167,s231
s167,s254
s167,s171
s167,s189
s167,s212
s167,s102
s167,s052
s167,s196
s167,s026
s167,s059
s167,s075
s167,s164
s168,s118
s168,s086
s168,s270
s168,s136
s168,s233
s168,s066
s168,s174
s168,s107
s168,s269
s168,s198
s168,s237
s168,s013
s168,s061
s168,s045
s168,s278
s168,s182
s168,s040
s168,s208
s168,s122
s168,s115
s168,s185
s168,s241
s168,s188
s168,s195
s168,s246
s168,s169
s168,s224
s168,s235
s168,s031
s168,s255
s168,s236
s168,s091
s168,s260
s168,s251
s168,s209
s168,s137
s168,s093
s168,s194
s168,s145
s168,s119
s168,s089
s168,s177
s168,s039
s168,s277
s168,s057
s168,s231
s168,s171
s168,s189
s168,s157
s168,s054
s168,s212
s168,s080
s168,s238
s168,s048
s168,s102
s168,s138
s168,s052
s168,s210
s168,s026
s168,s059
s168,s075
s168,s162
s169,s136
s169,s198
s169,s061
s169,s045
s169,s044
s169,s185
s169,s188
s169,s195
s169,s101
s169,s099
s169,s235
s169,s236
s169,s225
s169,s004
s169,s209
s169,s262
s169,s137
s169,s257
s169,s100
s169,s258
s169,s126
s169,s252
s170,s270
s170,s175
s170,s104
s170,s021
s170,s002
s170,s113
s170,s234
s170,s023
s170,s269
s170,s163
s170,s170
s170,s202
s170,s038
s170,s012
s170,s180
s170,s156
s170,s087
s170,s120
s170,s141
s170,s213
s170,s179
s170,s256
s170,s134
s170,s268
s170,s067
s170,s244
s170,s094
s170,s219
s170,s200
s170,s008
s170,s225
s170,s004
s170,s093
s170,s143
s170,s254
s170,s265
s170,s048
s170,s138
s170,s210
s170,s075
s171,s240
s171,s208
s171,s244
s171,s207
s171,s093
s171,s032
s171,s171
s171,s157
s171,s265
s171,s048
s171,s052
s171,s210
s172,s275
s172,s115
s172,s049
s173,s128
s173,s201
s173,s109
s173,s129
s173,s173
s173,s030
s173,s061
s173,s001
s173,s210
s173,s026
s174,s086
s174,s205
s174,s215
s174,s183
s174,s173
s174,s096
s174,s241
s174,s187
s174,s108
s174,s093
s174,s194
s174,s074
s174,s197
s175,s104
s175,s021
s175,s002
s175,s170
s175,s202
s175,s213
s175,s179
s175,s067
s175,s244
s175,s200
s175,s138
s176,s201
s176,s259
s176,s271
s176,s247
s176,s078
s176,s144
s176,s013
s176,s190
s176,s248
s176,s278
s176,s012
s176,s216
s176,s223
s176,s122
s176,s115
s176,s031
s176,s167
s176,s062
s176,s103
s176,s089
s176,s177
s176,s228
s176,s090
s176,s054
s176,s102
s176,s052
s176,s178
s176,s210
s176,s196
s176,s026
s176,s059
s176,s203
s176,s075
s177,s009
s177,s205
s177,s201
s177,s226
s177,s220
s177,s247
s177,s029
s177,s030
s177,s144
s177,s013
s177,s061
s177,s217
s177,s045
s177,s248
s177,s012
s177,s221
s177,s123
s177,s151
s177,s188
s177,s181
s177,s031
s177,s255
s177,s167
s177,s007
s177,s262
s177,s257
s177,s103
s177,s168
s177,s133
s177,s089
s177,s143
s177,s176
s177,s039
s177,s266
s177,s267
s177,s229
s177,s254
s177,s054
s177,s238
s177,s102
s177,s126
s177,s034
s177,s052
s177,s026
s177,s059
s177,s203
s177,s125
s177,s075
s177,s164
s178,s053
s178,s201
s178,s259
s178,s271
s178,s014
s178,s033
s178,s055
s178,s173
s178,s111
s178,s078
s178,s005
s178,s248
s178,s012
s178,s006
s178,s221
s178,s166
s178,s195
s178,s101
s178,s099
s178,s134
s178,s031
s178,s081
s178,s062
s178,s060
s178,s222
s178,s089
s178,s177
s178,s176
s178,s039
s178,s266
s178,s142
s178,s001
s178,s263
s178,s077
s178,s267
s178,s057
s178,s229
s178,s090
s178,s254
s178,s258
s178,s054
s178,s238
s178,s102
s178,s138
s178,s052
s178,s178
s178,s065
s178,s196
s178,s026
s178,s059
s178,s203
s178,s125
s178,s075
s178,s116
s178,s164
s178,s162
s179,s086
s179,s175
s179,s104
s179,s021
s179,s173
s179,s234
s179,s269
s179,s073
s179,s204
s179,s061
s179,s202
s179,s248
s179,s040
s179,s006
s179,s169
s179,s134
s179,s031
s179,s268
s179,s067
s179,s098
s179,s244
s179,s230
s179,s200
s179,s062
s179,s184
s179,s211
s179,s093
s179,s142
s179,s252
s180,s201
s180,s220
s180,s046
s180,s107
s180,s234
s180,s023
s180,s269
s180,s204
s180,s061
s180,s217
s180,s038
s180,s012
s180,s216
s180,s006
s180,s208
s180,s275
s180,s221
s180,s273
s180,s082
s180,s123
s180,s122
s180,s151
s180,s185
s180,s127
s180,s019
s180,s081
s180,s262
s180,s092
s180,s228
s180,s052
s180,s196
s180,s026
s180,s075
s181,s226
s181,s255
s181,s177
s181,s254
s181,s102
s181,s052
s181,s059
s182,s069
s182,s154
s182,s147
s182,s249
s182,s110
s182,s094
s182,s150
s182,s100
s182,s130
s182,s157
s182,s048
s182,s049
s182,s192
s182,s164
s182,s011
s183,s017
s183,s124
s183,s250
s183,s199
s183,s271
s183,s016
s183,s174
s183,s215
s183,s113
s183,s163
s183,s170
s183,s064
s183,s114
s183,s097
s183,s006
s183,s180
s183,s156
s183,s122
s183,s115
s183,s110
s183,s058
s183,s207
s183,s037
s184,s264
s184,s112
s184,s153
s184,s173
s184,s198
s184,s202
s184,s045
s184,s223
s184,s275
s184,s096
s184,s095
s184,s185
s184,s241
s184,s188
s184,s068
s184,s224
s184,s235
s184,s020
s184,s222
s184,s137
s184,s093
s184,s231
s184,s171
s184,s126
s185,s118
s185,s112
s185,s136
s185,s014
s185,s153
s185,s247
s185,s109
s185,s129
s185,s173
s185,s023
s185,s269
s185,s198
s185,s237
s185,s204
s185,s146
s185,s190
s185,s061
s185,s045
s185,s043
s185,s278
s185,s047
s185,s191
s185,s006
s185,s275
s185,s221
s185,s180
s185,s227
s185,s095
s185,s195
s185,s169
s185,s224
s185,s235
s185,s184
s185,s209
s185,s168
s185,s231
s186,s264
s186,s240
s186,s016
s186,s154
s186,s219
s187,s250
s187,s199
s187,s069
s187,s240
s187,s076
s187,s174
s187,s215
s187,s131
s187,s147
s187,s163
s187,s064
s187,s043
s187,s097
s187,s239
s187,s241
s187,s098
s187,s139
s187,s187
s187,s108
s187,s207
s187,s251
s187,s100
s187,s093
s187,s071
s187,s074
s187,s197
s187,s125
s188,s136
s188,s131
s188,s045
s188,s095
s188,s185
s188,s166
s188,s195
s188,s181
s188,s169
s188,s224
s188,s167
s188,s184
s188,s177
s188,s277
s188,s231
s189,s250
s189,s240
s189,s076
s189,s029
s189,s131
s189,s161
s189,s223
s189,s022
s189,s087
s189,s024
s189,s151
s189,s098
s189,s236
s189,s167
s189,s060
s189,s187
s189,s207
s189,s051
s189,s071
s189,s143
s189,s231
s189,s212
s189,s196
s189,s125
s189,s063
s190,s107
s190,s173
s190,s144
s190,s234
s190,s135
s190,s013
s190,s146
s190,s140
s190,s012
s190,s006
s190,s273
s190,s123
s190,s087
s190,s122
s190,s103
s190,s089
s190,s228
s190,s176
s190,s001
s190,s196
s191,s118
s191,s086
s191,s069
s191,s240
s191,s149
s191,s160
s191,s174
s191,s111
s191,s113
s191,s030
s191,s154
s191,s131
s191,s144
s191,s147
s191,s234
s191,s198
s191,s163
s191,s237
s191,s146
s191,s005
s191,s217
s191,s045
s191,s165
s191,s012
s191,s243
s191,s191
s191,s114
s191,s221
s191,s044
s191,s273
s191,s239
s191,s123
s191,s087
s191,s227
s191,s120
s191,s095
s191,s185
s191,s079
s191,s127
s191,s094
s191,s167
s191,s274
s191,s091
s191,s187
s191,s108
s191,s058
s191,s251
s191,s209
s191,s211
s191,s257
s191,s100
s191,s093
s191,s103
s191,s194
s191,s119
s191,s117
s191,s143
s191,s263
s191,s231
s191,s050
s191,s189
s191,s157
s191,s212
s191,s102
s191,s126
s191,s049
s191,s116
s191,s252
s191,s164
s191,s011
s191,s162
s192,s069
s192,s154
s192,s094
s192,s150
s192,s130
s192,s145
s192,s119
s192,s048
s192,s132
s192,s063
s193,s128
s193,s010
s193,s248
s193,s161
s193,s006
s193,s180
s193,s082
s193,s115
s193,s151
s193,s228
s193,s142
s194,s113
s194,s114
s194,s040
s194,s241
s194,s274
s194,s168
s194,s157
s194,s011
s195,s086
s195,s250
s195,s259
s195,s149
s195,s186
s195,s136
s195,s016
s195,s033
s195,s066
s195,s002
s195,s111
s195,s083
s195,s206
s195,s023
s195,s198
s195,s237
s195,s261
s195,s045
s195,s223
s195,s232
s195,s044
s195,s095
s195,s185
s195,s179
s195,s188
s195,s246
s195,s169
s195,s224
s195,s235
s195,s098
s195,s230
s195,s219
s195,s172
s195,s148
s195,s020
s195,s008
s195,s004
s195,s209
s195,s137
s195,s037
s195,s253
s195,s168
s195,s277
s195,s077
s195,s267
s195,s231
s195,s080
s195,s126
s195,s036
s195,s125
s195,s252
s196,s017
s196,s009
s196,s124
s196,s205
s196,s250
s196,s218
s196,s199
s196,s201
s196,s259
s196,s271
s196,s214
s196,s186
s196,s160
s196,s014
s196,s233
s196,s247
s196,s088
s196,s109
s196,s016
s196,s104
s196,s021
s196,s033
s196,s055
s196,s111
s196,s078
s196,s113
s196,s030
s196,s206
s196,s144
s196,s135
s196,s013
s196,s190
s196,s005
s196,s070
s196,s061
s196,s242
s196,s043
s196,s248
s196,s038
s196,s047
s196,s165
s196,s012
s196,s216
s196,s243
s196,s191
s196,s040
s196,s223
s196,s006
s196,s208
s196,s275
s196,s221
s196,s180
s196,s273
s196,s239
s196,s249
s196,s123
s196,s156
s196,s087
s196,s122
s196,s227
s196,s120
s196,s151
s196,s179
s196,s195
s196,s181
s196,s101
s196,s246
s196,s099
s196,s031
s196,s067
s196,s255
s196,s236
s196,s167
s196,s219
s196,s200
s196,s019
s196,s172
s196,s007
s196,s081
s196,s091
s196,s062
s196,s060
s196,s027
s196,s251
s196,s209
s196,s211
s196,s262
s196,s137
s196,s257
s196,s253
s196,s093
s196,s103
s196,s194
s196,s092
s196,s168
s196,s145
s196,s133
s196,s089
s196,s143
s196,s177
s196,s228
s196,s176
s196,s039
s196,s266
s196,s142
s196,s277
s196,s001
s196,s263
s196,s077
s196,s032
s196,s267
s196,s229
s196,s090
s196,s231
s196,s171
s196,s189
s196,s157
s196,s258
s196,s054
s196,s212
s196,s080
s196,s265
s196,s238
s196,s048
s196,s102
s196,s138
s196,s126
s196,s049
s196,s034
s196,s052
s196,s178
s196,s210
s196,s065
s196,s196
s196,s026
s196,s074
s196,s197
s196,s059
s196,s203
s196,s125
s196,s075
s196,s116
s196,s252
s196,s164
s196,s011
s196,s063
s196,s162
s197,s250
s197,s240
s197,s016
s197,s033
s197,s076
s197,s174
s197,s215
s197,s183
s197,s206
s197,s073
s197,s163
s197,s064
s197,s140
s197,s043
s197,s161
s197,s097
s197,s040
s197,s232
s197,s096
s197,s110
s197,s241
s197,s098
s197,s139
s197,s187
s197,s108
s197,s207
s197,s251
s197,s093
s197,s168
s197,s071
s197,s133
s197,s117
s197,s176
s197,s001
s197,s057
s197,s231
s197,s189
s197,s102
s197,s126
s197,s049
s197,s210
s197,s074
s197,s162
s198,s136
s198,s023
s198,s198
s198,s261
s198,s204
s198,s061
s198,s045
s198,s248
s198,s208
s198,s120
s198,s095
s198,s185
s198,s188
s198,s195
s198,s169
s198,s235
s198,s209
s198,s093
s198,s168
s198,s277
s198,s077
s198,s231
s198,s258
s198,s126
s198,s049
s199,s118
s199,s017
s199,s264
s199,s086
s199,s124
s199,s205
s199,s250
s199,s218
s199,s240
s199,s175
s199,s259
s199,s271
s199,s085
s199,s186
s199,s233
s199,s247
s199,s109
s199,s016
s199,s104
s199,s033
s199,s066
s199,s129
s199,s107
s199,s215
s199,s173
s199,s113
s199,s030
s199,s206
s199,s234
s199,s269
s199,s237
s199,s170
s199,s204
s199,s070
s199,s242
s199,s043
s199,s248
s199,s278
s199,s047
s199,s012
s199,s097
s199,s040
s199,s223
s199,s232
s199,s208
s199,s275
s199,s221
s199,s180
s199,s096
s199,s239
s199,s156
s199,s087
s199,s227
s199,s024
s199,s241
s199,s101
s199,s246
s199,s268
s199,s158
s199,s098
s199,s236
s199,s244
s199,s127
s199,s200
s199,s019
s199,s015
s199,s091
s199,s062
s199,s187
s199,s225
s199,s108
s199,s058
s199,s207
s199,s251
s199,s209
s199,s211
s199,s103
s199,s092
s199,s051
s199,s145
s199,s071
s199,s089
s199,s176
s199,s039
s199,s142
s199,s001
s199,s077
s199,s267
s199,s057
s199,s050
s199,s171
s199,s054
s199,s048
s199,s210
s199,s196
s199,s203
s199,s125
s199,s075
s199,s252
s199,s162
s200,s021
s200,s202
s200,s179
s200,s067
s200,s225
s200,s211
s200,s138
s201,s009
s201,s128
s201,s003
s201,s279
s201,s226
s201,s214
s201,s220
s201,s160
s201,s136
s201,s056
s201,s247
s201,s109
s201,s033
s201,s129
s201,s055
s201,s107
s201,s173
s201,s013
s201,s146
s201,s061
s201,s217
s201,s248
s201,s180
s201,s087
s201,s115
s201,s181
s201,s101
s201,s099
s201,s031
s201,s167
s201,s262
s201,s089
s201,s143
s201,s177
s201,s176
s201,s229
s201,s254
s201,s052
s201,s178
s201,s026
s201,s059
s201,s075
s202,s086
s202,s270
s202,s226
s202,s014
s202,s104
s202,s021
s202,s234
s202,s269
s202,s073
s202,s170
s202,s204
s202,s013
s202,s146
s202,s070
s202,s061
s202,s242
s202,s217
s202,s202
s202,s045
s202,s140
s202,s248
s202,s216
s202,s040
s202,s180
s202,s273
s202,s193
s202,s249
s202,s156
s202,s087
s202,s227
s202,s115
s202,s120
s202,s151
s202,s095
s202,s213
s202,s179
s202,s181
s202,s101
s202,s134
s202,s031
s202,s067
s202,s244
s202,s127
s202,s200
s202,s019
s202,s211
s202,s093
s202,s103
s202,s142
s202,s001
s202,s229
s202,s254
s202,s171
s202,s189
s202,s265
s202,s238
s202,s048
s202,s138
s202,s052
s202,s125
s202,s075
s202,s252
s203,s017
s203,s264
s203,s124
s203,s205
s203,s218
s203,s279
s203,s201
s203,s259
s203,s271
s203,s186
s203,s160
s203,s109
s203,s033
s203,s002
s203,s129
s203,s055
s203,s173
s203,s078
s203,s206
s203,s144
s203,s013
s203,s146
s203,s190
s203,s005
s203,s070
s203,s248
s203,s278
s203,s012
s203,s216
s203,s006
s203,s208
s203,s180
s203,s273
s203,s239
s203,s156
s203,s087
s203,s151
s203,s181
s203,s101
s203,s246
s203,s099
s203,s235
s203,s031
s203,s236
s203,s230
s203,s167
s203,s219
s203,s019
s203,s105
s203,s062
s203,s020
s203,s060
s203,s225
s203,s027
s203,s211
s203,s262
s203,s253
s203,s093
s203,s103
s203,s092
s203,s145
s203,s071
s203,s117
s203,s089
s203,s143
s203,s177
s203,s176
s203,s039
s203,s266
s203,s001
s203,s263
s203,s077
s203,s032
s203,s267
s203,s229
s203,s090
s203,s231
s203,s106
s203,s254
s203,s054
s203,s212
s203,s048
s203,s102
s203,s034
s203,s052
s203,s178
s203,s210
s203,s196
s203,s026
s203,s059
s203,s203
s203,s125
s203,s075
s203,s116
s203,s252
s203,s063
s203,s162
s203,s264
s203,s124
s203,s205
s203,s218
s203,s279
s203,s201
s203,s259
s203,s271
s203,s186
s203,s109
s203,s033
s203,s002
s203,s129
s203,s055
s203,s173
s203,s078
s203,s206
s203,s144
s203,s013
s203,s146
s203,s005
s203,s248
s203,s012
s203,s216
s203,s223
s203,s006
s203,s208
s203,s180
s203,s273
s203,s239
s203,s156
s203,s151
s203,s195
s203,s181
s203,s101
s203,s246
s203,s099
s203,s031
s203,s167
s203,s219
s203,s062
s203,s060
s203,s211
s203,s103
s203,s089
s203,s176
s203,s001
s203,s077
s203,s267
s203,s090
s203,s231
s203,s254
s203,s054
s203,s034
s203,s052
s203,s178
s203,s210
s203,s026
s203,s059
s203,s125
s203,s075
s203,s116
s204,s009
s204,s247
s204,s061
s204,s208
s204,s275
s204,s221
s204,s180
s204,s239
s204,s019
s204,s262
s205,s205
s205,s056
s205,s129
s205,s174
s205,s083
s205,s131
s205,s217
s205,s137
s205,s032
s205,s212
s205,s065
s205,s075
s206,s218
s206,s010
s206,s094
s206,s150
s206,s060
s206,s050
s206,s203
s207,s264
s207,s086
s207,s270
s207,s199
s207,s240
s207,s201
s207,s175
s207,s186
s207,s016
s207,s055
s207,s215
s207,s183
s207,s269
s207,s073
s207,s163
s207,s010
s207,s064
s207,s242
s207,s217
s207,s140
s207,s043
s207,s248
s207,s278
s207,s047
s207,s012
s207,s216
s207,s097
s207,s040
s207,s208
s207,s096
s207,s022
s207,s156
s207,s227
s207,s121
s207,s155
s207,s241
s207,s213
s207,s179
s207,s166
s207,s181
s207,s079
s207,s224
s207,s031
s207,s268
s207,s255
s207,s167
s207,s200
s207,s105
s207,s062
s207,s187
s207,s225
s207,s108
s207,s058
s207,s027
s207,s251
s207,s211
s207,s137
s207,s093
s207,s071
s207,s267
s207,s231
s207,s171
s207,s189
s207,s054
s207,s212
s207,s210
s207,s026
s207,s074
s207,s197
s207,s059
s207,s125
s207,s075
s208,s264
s208,s152
s208,s086
s208,s270
s208,s250
s208,s218
s208,s199
s208,s279
s208,s240
s208,s259
s208,s186
s208,s220
s208,s046
s208,s233
s208,s109
s208,s033
s208,s129
s208,s055
s208,s107
s208,s173
s208,s029
s208,s030
s208,s147
s208,s234
s208,s073
s208,s013
s208,s005
s208,s070
s208,s061
s208,s242
s208,s045
s208,s140
s208,s043
s208,s248
s208,s278
s208,s038
s208,s047
s208,s012
s208,s097
s208,s223
s208,s232
s208,s025
s208,s208
s208,s275
s208,s096
s208,s273
s208,s239
s208,s249
s208,s123
s208,s156
s208,s087
s208,s115
s208,s024
s208,s120
s208,s151
s208,s141
s208,s185
s208,s101
s208,s099
s208,s236
s208,s230
s208,s127
s208,s015
s208,s028
s208,s081
s208,s062
s208,s260
s208,s027
s208,s251
s208,s209
s208,s211
s208,s262
s208,s093
s208,s103
s208,s194
s208,s092
s208,s051
s208,s089
s208,s143
s208,s177
s208,s142
s208,s001
s208,s263
s208,s077
s208,s032
s208,s267
s208,s090
s208,s171
s208,s054
s208,s212
s208,s048
s208,s132
s208,s210
s208,s196
s208,s026
s208,s203
s208,s125
s208,s116
s208,s252
s208,s162
s209,s086
s209,s136
s209,s198
s209,s045
s209,s278
s209,s185
s209,s169
s209,s235
s209,s211
s209,s194
s209,s168
s209,s267
s210,s128
s210,s218
s210,s199
s210,s240
s210,s173
s210,s030
s210,s204
s210,s061
s210,s278
s210,s216
s210,s223
s210,s156
s210,s134
s210,s268
s210,s211
s210,s093
s210,s103
s210,s176
s210,s057
s210,s231
s210,s054
s210,s048
s210,s210
s210,s203
s211,s009
s211,s128
s211,s199
s211,s240
s211,s201
s211,s259
s211,s271
s211,s247
s211,s088
s211,s129
s211,s070
s211,s061
s211,s202
s211,s278
s211,s024
s211,s179
s211,s134
s211,s268
s211,s158
s211,s148
s211,s081
s211,s184
s211,s225
s211,s093
s211,s103
s211,s142
s211,s001
s211,s189
s211,s212
s212,s128
s212,s245
s212,s205
s212,s218
s212,s269
s212,s135
s212,s010
s212,s243
s212,s134
s212,s268
s212,s127
s212,s167
s212,s148
s212,s211
s212,s092
s212,s168
s212,s231
s212,s238
s212,s132
s212,s210
s212,s196
s212,s026
s212,s203
s213,s175
s213,s202
s213,s268
s213,s127
s213,s130
s213,s265
s213,s048
s214,s003
s214,s201
s214,s046
s214,s247
s214,s002
s214,s146
s214,s035
s214,s262
s214,s266
s215,s118
s215,s270
s215,s199
s215,s240
s215,s214
s215,s046
s215,s136
s215,s016
s215,s104
s215,s174
s215,s131
s215,s163
s215,s064
s215,s140
s215,s096
s215,s098
s215,s139
s215,s108
s215,s251
s215,s071
s215,s074
s215,s197
s216,s250
s216,s218
s216,s259
s216,s271
s216,s214
s216,s076
s216,s111
s216,s078
s216,s023
s216,s010
s216,s248
s216,s012
s216,s232
s216,s024
s216,s241
s216,s219
s216,s200
s216,s019
s216,s062
s216,s089
s216,s176
s216,s054
s216,s210
s216,s203
s217,s009
s217,s205
s217,s201
s217,s226
s217,s014
s217,s056
s217,s088
s217,s104
s217,s234
s217,s204
s217,s013
s217,s217
s217,s202
s217,s248
s217,s012
s217,s006
s217,s180
s217,s123
s217,s151
s217,s179
s217,s181
s217,s268
s217,s255
s217,s244
s217,s207
s217,s262
s217,s257
s217,s103
s217,s052
s217,s075
s218,s259
s218,s271
s218,s186
s218,s033
s218,s066
s218,s030
s218,s061
s218,s243
s218,s223
s218,s155
s218,s219
s218,s062
s218,s143
s218,s001
s218,s267
s218,s054
s218,s238
s218,s196
s218,s203
s218,s125
s219,s124
s219,s218
s219,s259
s219,s271
s219,s186
s219,s016
s219,s024
s219,s062
s219,s184
s219,s054
s220,s069
s220,s279
s220,s201
s220,s085
s220,s233
s220,s056
s220,s088
s220,s066
s220,s159
s220,s029
s220,s234
s220,s180
s220,s273
s220,s193
s220,s123
s220,s087
s220,s151
s220,s155
s220,s028
s220,s137
s220,s089
s220,s001
s221,s152
s221,s279
s221,s201
s221,s247
s221,s269
s221,s190
s221,s064
s221,s061
s221,s242
s221,s248
s221,s278
s221,s012
s221,s275
s221,s180
s221,s273
s221,s239
s221,s193
s221,s082
s221,s087
s221,s268
s221,s236
s221,s200
s221,s019
s221,s058
s221,s092
s221,s143
s221,s177
s221,s267
s221,s231
s221,s189
s221,s212
s221,s238
s221,s048
s221,s102
s221,s164
s221,s162
s222,s014
s222,s055
s222,s078
s222,s101
s222,s068
s222,s019
s222,s062
s222,s089
s222,s059
s223,s218
s223,s112
s223,s199
s223,s259
s223,s271
s223,s013
s223,s070
s223,s038
s223,s012
s223,s208
s223,s115
s223,s099
s223,s236
s223,s167
s223,s062
s223,s184
s223,s211
s223,s092
s223,s080
s223,s196
s223,s125
s224,s270
s224,s112
s224,s042
s224,s153
s224,s045
s224,s079
s224,s031
s224,s200
s224,s272
s224,s184
s224,s041
s224,s211
s224,s277
s224,s126
s225,s128
s225,s160
s225,s061
s225,s180
s225,s115
s225,s179
s225,s134
s225,s031
s225,s268
s225,s255
s225,s158
s225,s236
s225,s230
s225,s200
s225,s019
s225,s027
s225,s207
s225,s211
s225,s089
s225,s267
s225,s229
s225,s254
s225,s048
s225,s052
s225,s026
s225,s059
s226,s201
s226,s107
s226,s030
s226,s234
s226,s082
s226,s181
s226,s031
s226,s255
s226,s060
s226,s257
s226,s177
s226,s229
s226,s254
s226,s059
s226,s009
s226,s279
s226,s201
s226,s220
s226,s056
s226,s247
s226,s088
s226,s107
s226,s173
s226,s030
s226,s144
s226,s234
s226,s146
s226,s005
s226,s035
s226,s217
s226,s082
s226,s123
s226,s115
s226,s181
s226,s031
s226,s268
s226,s255
s226,s167
s226,s200
s226,s019
s226,s028
s226,s060
s226,s209
s226,s257
s226,s177
s226,s266
s226,s001
s226,s229
s226,s254
s226,s238
s226,s052
s226,s026
s226,s059
s226,s075
s227,s205
s227,s243
s227,s223
s227,s079
s227,s236
s227,s143
s228,s247
s228,s088
s228,s144
s228,s234
s228,s190
s228,s061
s228,s140
s228,s180
s228,s176
s228,s277
s228,s001
s228,s263
s228,s077
s228,s210
s228,s196
s228,s162
s229,s009
s229,s226
s229,s247
s229,s109
s229,s173
s229,s234
s229,s013
s229,s217
s229,s006
s229,s180
s229,s273
s229,s115
s229,s181
s229,s134
s229,s031
s229,s268
s229,s255
s229,s244
s229,s167
s229,s200
s229,s019
s229,s225
s229,s211
s229,s262
s229,s257
s229,s089
s229,s177
s229,s176
s229,s266
s229,s142
s229,s229
s229,s254
s229,s265
s229,s238
s229,s048
s229,s102
s229,s138
s229,s052
s229,s178
s229,s065
s229,s196
s229,s026
s229,s059
s229,s075
s230,s009
s230,s279
s230,s201
s230,s046
s230,s129
s230,s107
s230,s173
s230,s029
s230,s030
s230,s144
s230,s147
s230,s269
s230,s204
s230,s070
s230,s061
s230,s202
s230,s248
s230,s278
s230,s025
s230,s006
s230,s208
s230,s180
s230,s123
s230,s087
s230,s115
s230,s179
s230,s166
s230,s195
s230,s068
s230,s134
s230,s031
s230,s268
s230,s098
s230,s230
s230,s127
s230,s167
s230,s200
s230,s019
s230,s274
s230,s015
s230,s028
s230,s007
s230,s008
s230,s060
s230,s225
s230,s027
s230,s211
s230,s262
s230,s137
s230,s037
s230,s257
s230,s194
s230,s089
s230,s143
s230,s263
s230,s054
s230,s238
s230,s102
s230,s034
s230,s052
s230,s210
s230,s196
s230,s203
s230,s075
s230,s162
s231,s009
s231,s086
s231,s271
s231,s136
s231,s247
s231,s109
s231,s002
s231,s129
s231,s173
s231,s144
s231,s269
s231,s073
s231,s013
s231,s146
s231,s061
s231,s045
s231,s043
s231,s248
s231,s006
s231,s221
s231,s180
s231,s273
s231,s082
s231,s151
s231,s095
s231,s185
s231,s155
s231,s188
s231,s195
s231,s101
s231,s235
s231,s031
s231,s268
s231,s255
s231,s019
s231,s184
s231,s262
s231,s037
s231,s092
s231,s168
s231,s145
s231,s089
s231,s176
s231,s142
s231,s277
s231,s001
s231,s267
s231,s057
s231,s229
s231,s231
s231,s254
s231,s171
s231,s258
s231,s054
s231,s212
s231,s048
s231,s102
s231,s126
s231,s052
s231,s132
s231,s210
s231,s196
s231,s203
s231,s075
s232,s118
s232,s009
s232,s218
s232,s199
s232,s240
s232,s186
s232,s247
s232,s088
s232,s016
s232,s104
s232,s033
s232,s066
s232,s002
s232,s129
s232,s107
s232,s206
s232,s234
s232,s163
s232,s204
s232,s064
s232,s070
s232,s061
s232,s043
s232,s248
s232,s278
s232,s047
s232,s216
s232,s097
s232,s040
s232,s223
s232,s208
s232,s275
s232,s180
s232,s096
s232,s082
s232,s123
s232,s122
s232,s115
s232,s024
s232,s095
s232,s185
s232,s241
s232,s099
s232,s079
s232,s098
s232,s219
s232,s019
s232,s172
s232,s260
s232,s184
s232,s209
s232,s093
s232,s228
s232,s171
s232,s157
s232,s054
s232,s210
s232,s196
s232,s026
s232,s197
s232,s059
s232,s125
s232,s162
s233,s152
s233,s128
s233,s205
s233,s072
s233,s053
s233,s199
s233,s279
s233,s201
s233,s259
s233,s226
s233,s085
s233,s220
s233,s136
s233,s014
s233,s247
s233,s088
s233,s109
s233,s021
s233,s066
s233,s129
s233,s055
s233,s107
s233,s159
s233,s173
s233,s029
s233,s144
s233,s269
s233,s204
s233,s025
s233,s006
s233,s208
s233,s180
s233,s022
s233,s123
s233,s087
s233,s115
s233,s155
s233,s166
s233,s101
s233,s246
s233,s099
s233,s079
s233,s031
s233,s268
s233,s236
s233,s127
s233,s007
s233,s225
s233,s027
s233,s209
s233,s211
s233,s093
s233,s092
s233,s168
s233,s145
s233,s177
s233,s039
s233,s001
s233,s077
s233,s267
s233,s057
s233,s231
s233,s258
s233,s034
s234,s124
s234,s199
s234,s279
s234,s201
s234,s259
s234,s226
s234,s220
s234,s160
s234,s247
s234,s088
s234,s066
s234,s107
s234,s029
s234,s113
s234,s030
s234,s144
s234,s204
s234,s190
s234,s070
s234,s061
s234,s217
s234,s191
s234,s232
s234,s025
s234,s180
s234,s123
s234,s122
s234,s121
s234,s151
s234,s028
s234,s211
s234,s262
s234,s103
s234,s228
s234,s052
s234,s210
s234,s059
s235,s270
s235,s136
s235,s198
s235,s185
s235,s188
s235,s195
s235,s169
s235,s224
s235,s236
s235,s219
s235,s172
s235,s081
s235,s187
s235,s004
s235,s209
s235,s137
s235,s168
s235,s277
s235,s231
s235,s126
s236,s128
s236,s270
s236,s205
s236,s053
s236,s259
s236,s085
s236,s136
s236,s233
s236,s153
s236,s247
s236,s129
s236,s173
s236,s269
s236,s278
s236,s040
s236,s223
s236,s025
s236,s275
s236,s221
s236,s123
s236,s087
s236,s227
s236,s115
s236,s213
s236,s166
s236,s068
s236,s169
s236,s235
s236,s031
s236,s268
s236,s255
s236,s236
s236,s019
s236,s139
s236,s260
s236,s225
s236,s027
s236,s209
s236,s211
s236,s262
s236,s137
s236,s037
s236,s092
s236,s051
s236,s145
s236,s143
s236,s039
s236,s032
s236,s258
s236,s080
s236,s196
s236,s026
s236,s203
s236,s125
s237,s264
s237,s149
s237,s111
s237,s147
s237,s269
s237,s146
s237,s190
s237,s140
s237,s043
s237,s012
s237,s243
s237,s191
s237,s087
s237,s120
s237,s185
s237,s241
s237,s188
s237,s150
s237,s091
s237,s004
s237,s100
s237,s130
s237,s093
s237,s194
s237,s117
s237,s089
s237,s263
s237,s164
s238,s218
s238,s226
s238,s085
s238,s109
s238,s073
s238,s135
s238,s013
s238,s146
s238,s006
s238,s273
s238,s087
s238,s120
s238,s155
s238,s166
s238,s181
s238,s031
s238,s236
s238,s260
s238,s262
s238,s092
s238,s168
s238,s133
s238,s117
s238,s177
s238,s039
s238,s266
s238,s277
s238,s001
s238,s106
s238,s157
s238,s054
s238,s212
s238,s080
s238,s048
s238,s052
s238,s178
s238,s132
s238,s196
s238,s026
s238,s075
s238,s252
s238,s162
s239,s159
s239,s204
s239,s248
s239,s006
s239,s121
s239,s166
s239,s189
s240,s199
s240,s186
s240,s215
s240,s183
s240,s018
s240,s163
s240,s010
s240,s207
s240,s251
s240,s093
s240,s138
s241,s118
s241,s264
s241,s152
s241,s086
s241,s270
s241,s072
s241,s199
s241,s240
s241,s046
s241,s088
s241,s109
s241,s016
s241,s033
s241,s076
s241,s174
s241,s107
s241,s215
s241,s183
s241,s113
s241,s131
s241,s206
s241,s144
s241,s147
s241,s234
s241,s269
s241,s073
s241,s163
s241,s204
s241,s010
s241,s064
s241,s005
s241,s061
s241,s043
s241,s248
s241,s278
s241,s161
s241,s216
s241,s180
s241,s096
s241,s239
s241,s179
s241,s188
s241,s166
s241,s195
s241,s246
s241,s031
s241,s098
s241,s139
s241,s187
s241,s108
s241,s058
s241,s207
s241,s251
s241,s209
s241,s071
s241,s050
s241,s189
s241,s074
s241,s197
s241,s059
s241,s125
s241,s164
s242,s152
s242,s234
s242,s269
s242,s237
s242,s204
s242,s010
s242,s190
s242,s248
s242,s006
s242,s221
s242,s273
s242,s193
s242,s227
s242,s185
s242,s058
s243,s205
s243,s218
s243,s053
s243,s069
s243,s279
s243,s220
s243,s129
s243,s111
s243,s234
s243,s010
s243,s061
s243,s242
s243,s202
s243,s278
s243,s038
s243,s165
s243,s012
s243,s243
s243,s191
s243,s208
s243,s273
s243,s193
s243,s087
s243,s227
s243,s120
s243,s110
s243,s141
s243,s079
s243,s236
s243,s094
s243,s019
s243,s172
s243,s148
s243,s187
s243,s225
s243,s137
s243,s037
s243,s100
s243,s093
s243,s103
s243,s092
s243,s117
s243,s039
s243,s001
s243,s090
s243,s189
s243,s258
s243,s054
s243,s212
s243,s080
s243,s065
s243,s196
s243,s075
s243,s252
s244,s270
s244,s245
s244,s265
s245,s270
s245,s002
s245,s244
s245,s148
s245,s212
s245,s265
s246,s033
s246,s135
s246,s151
s246,s137
s247,s009
s247,s124
s247,s199
s247,s279
s247,s201
s247,s259
s247,s271
s247,s160
s247,s056
s247,s088
s247,s109
s247,s104
s247,s107
s247,s173
s247,s030
s247,s144
s247,s234
s247,s204
s247,s013
s247,s190
s247,s070
s247,s061
s247,s248
s247,s275
s247,s180
s247,s122
s247,s225
s247,s108
s247,s211
s247,s262
s247,s137
s247,s177
s247,s001
s247,s231
s247,s196
s248,s152
s248,s124
s248,s205
s248,s218
s248,s279
s248,s201
s248,s259
s248,s271
s248,s214
s248,s186
s248,s033
s248,s055
s248,s173
s248,s078
s248,s144
s248,s204
s248,s013
s248,s146
s248,s190
s248,s005
s248,s070
s248,s061
s248,s217
s248,s043
s248,s248
s248,s278
s248,s047
s248,s012
s248,s216
s248,s223
s248,s232
s248,s025
s248,s006
s248,s208
s248,s275
s248,s221
s248,s180
s248,s273
s248,s193
s248,s087
s248,s115
s248,s121
s248,s151
s248,s101
s248,s099
s248,s031
s248,s236
s248,s230
s248,s167
s248,s219
s248,s200
s248,s028
s248,s007
s248,s081
s248,s062
s248,s225
s248,s211
s248,s089
s248,s177
s248,s176
s248,s266
s248,s001
s248,s263
s248,s077
s248,s032
s248,s267
s248,s057
s248,s229
s248,s090
s248,s231
s248,s258
s248,s054
s248,s052
s248,s178
s248,s065
s248,s196
s248,s026
s248,s203
s248,s125
s248,s075
s248,s162
s249,s240
s249,s010
s249,s202
s249,s045
s249,s140
s249,s182
s249,s227
s249,s095
s250,s270
s250,s250
s250,s240
s250,s174
s250,s183
s250,s018
s250,s084
s250,s163
s250,s251
s250,s162
s251,s270
s251,s250
s251,s240
s251,s186
s251,s016
s251,s215
s251,s183
s251,s113
s251,s206
s251,s163
s251,s010
s251,s043
s251,s114
s251,s208
s251,s096
s251,s239
s251,s249
s251,s241
s251,s179
s251,s181
s251,s099
s251,s268
s251,s067
s251,s098
s251,s094
s251,s150
s251,s172
s251,s139
s251,s260
s251,s187
s251,s108
s251,s058
s251,s093
s251,s071
s251,s133
s251,s267
s251,s050
s251,s171
s251,s252
s251,s162
s252,s259
s252,s083
s252,s038
s252,s165
s252,s243
s252,s227
s252,s120
s252,s236
s252,s091
s252,s004
s252,s262
s252,s137
s252,s253
s252,s119
s252,s089
s252,s143
s252,s039
s252,s032
s252,s074
s252,s252
s253,s205
s253,s111
s253,s083
s253,s044
s253,s195
s253,s246
s253,s236
s253,s091
s253,s020
s253,s004
s253,s137
s253,s194
s253,s051
s253,s133
s253,s001
s253,s077
s253,s032
s253,s106
s253,s050
s253,s054
s253,s080
s253,s065
s253,s075
s253,s252
s254,s217
s254,s202
s254,s122
s254,s213
s254,s179
s254,s181
s254,s134
s254,s255
s254,s200
s254,s103
s254,s177
s254,s001
s254,s229
s254,s048
s254,s102
s254,s034
s254,s052
s254,s026
s254,s059
s254,s203
s254,s075
s255,s201
s255,s226
s255,s269
s255,s013
s255,s061
s255,s217
s255,s155
s255,s179
s255,s181
s255,s101
s255,s031
s255,s268
s255,s255
s255,s236
s255,s167
s255,s019
s255,s060
s255,s211
s255,s103
s255,s177
s255,s229
s255,s254
s255,s052
s255,s026
s255,s059
s255,s125
s255,s075
s256,s270
s256,s069
s256,s206
s256,s244
s256,s150
s256,s091
s256,s020
s256,s008
s256,s050
s257,s152
s257,s009
s257,s128
s257,s053
s257,s279
s257,s226
s257,s109
s257,s055
s257,s107
s257,s173
s257,s030
s257,s144
s257,s035
s257,s061
s257,s242
s257,s217
s257,s221
s257,s180
s257,s249
s257,s087
s257,s155
s257,s213
s257,s166
s257,s181
s257,s101
s257,s169
s257,s031
s257,s268
s257,s255
s257,s230
s257,s167
s257,s019
s257,s172
s257,s015
s257,s081
s257,s060
s257,s211
s257,s262
s257,s137
s257,s143
s257,s177
s257,s229
s257,s254
s257,s258
s257,s102
s257,s034
s257,s052
s257,s059
s257,s075
s257,s164
s258,s205
s258,s053
s258,s136
s258,s014
s258,s153
s258,s055
s258,s198
s258,s248
s258,s006
s258,s156
s258,s155
s258,s166
s258,s101
s258,s169
s258,s099
s258,s079
s258,s158
s258,s062
s258,s209
s258,s222
s258,s257
s258,s103
s258,s092
s258,s051
s258,s277
s258,s001
s258,s263
s258,s077
s258,s032
s258,s267
s258,s090
s258,s231
s258,s054
s258,s080
s258,s049
s258,s178
s258,s196
s258,s026
s258,s063
s259,s017
s259,s124
s259,s218
s259,s199
s259,s201
s259,s259
s259,s271
s259,s186
s259,s033
s259,s113
s259,s144
s259,s043
s259,s248
s259,s223
s259,s208
s259,s099
s259,s268
s259,s236
s259,s127
s259,s167
s259,s062
s259,s060
s259,s211
s259,s089
s259,s176
s259,s001
s259,s090
s259,s054
s259,s196
s259,s203
s259,s125
s259,s252
s260,s086
s260,s033
s260,s107
s260,s278
s260,s208
s260,s079
s260,s236
s260,s260
s260,s209
s260,s168
s260,s277
s260,s059
s261,s112
s261,s042
s261,s153
s261,s174
s261,s044
s261,s068
s261,s272
s261,s041
s261,s145
s261,s036
s262,s201
s262,s214
s262,s046
s262,s247
s262,s109
s262,s002
s262,s129
s262,s173
s262,s234
s262,s269
s262,s204
s262,s061
s262,s006
s262,s180
s262,s122
s262,s137
s262,s228
s262,s001
s263,s086
s263,s104
s263,s204
s263,s013
s263,s278
s263,s025
s263,s208
s263,s123
s263,s227
s263,s127
s263,s093
s263,s103
s263,s089
s263,s143
s263,s138
s263,s162
s264,s270
s264,s199
s264,s186
s264,s016
s264,s048
s265,s270
s265,s245
s265,s175
s265,s104
s265,s170
s265,s035
s265,s202
s265,s213
s265,s244
s265,s200
s265,s148
s265,s171
s265,s212
s265,s265
s265,s048
s266,s214
s266,s146
s266,s248
s266,s012
s266,s006
s266,s273
s266,s087
s266,s181
s266,s031
s266,s007
s266,s089
s266,s176
s266,s258
s266,s238
s266,s203
s266,s075
s267,s086
s267,s250
s267,s218
s267,s279
s267,s070
s267,s248
s267,s047
s267,s275
s267,s200
s267,s039
s267,s077
s267,s267
s267,s196
s267,s026
s267,s203
s267,s125
s267,s162
s268,s118
s268,s218
s268,s279
s268,s159
s268,s173
s268,s030
s268,s234
s268,s269
s268,s061
s268,s217
s268,s043
s268,s006
s268,s180
s268,s123
s268,s156
s268,s087
s268,s121
s268,s155
s268,s213
s268,s134
s268,s255
s268,s236
s268,s230
s268,s167
s268,s200
s268,s060
s268,s137
s268,s142
s268,s212
s268,s210
s269,s021
s269,s084
s269,s011
s270,s010
s270,s045
s270,s244
s270,s093
s270,s265
s271,s124
s271,s218
s271,s199
s271,s259
s271,s186
s271,s160
s271,s247
s271,s109
s271,s033
s271,s066
s271,s173
s271,s078
s271,s113
s271,s030
s271,s234
s271,s248
s271,s216
s271,s223
s271,s221
s271,s180
s271,s122
s271,s219
s271,s062
s271,s060
s271,s184
s271,s058
s271,s211
s271,s133
s271,s089
s271,s176
s271,s001
s271,s077
s271,s267
s271,s090
s271,s054
s271,s048
s271,s210
s271,s196
s271,s026
s271,s203
s271,s075
s271,s063
s272,s112
s272,s042
s272,s149
s272,s153
s272,s237
s272,s261
s272,s044
s272,s195
s272,s068
s272,s224
s272,s268
s272,s236
s272,s139
s272,s041
s272,s225
s272,s100
s272,s093
s272,s145
s272,s119
s272,s036
s273,s220
s273,s056
s273,s013
s273,s146
s273,s190
s273,s064
s273,s061
s273,s248
s273,s012
s273,s006
s273,s208
s273,s221
s273,s180
s273,s193
s273,s082
s273,s123
s273,s151
s273,s155
s273,s181
s273,s101
s273,s019
s273,s007
s273,s092
s273,s266
s273,s059
s273,s075
s274,s113
s274,s147
s274,s161
s274,s191
s274,s114
s274,s230
s274,s100
s274,s050
s274,s157
s274,s049
s275,s204
s275,s013
s275,s070
s275,s043
s275,s278
s275,s047
s275,s232
s275,s275
s275,s180
s275,s115
s275,s268
s275,s172
s275,s231
s276,s123
s276,s151
s276,s179
s276,s200
s276,s172
s276,s028
s276,s211
s277,s086
s277,s270
s277,s136
s277,s088
s277,s066
s277,s107
s277,s234
s277,s190
s277,s045
s277,s278
s277,s040
s277,s006
s277,s208
s277,s180
s277,s095
s277,s185
s277,s241
s277,s213
s277,s188
s277,s195
s277,s181
s277,s099
s277,s224
s277,s235
s277,s167
s277,s200
s277,s148
s277,s260
s277,s225
s277,s209
s277,s211
s277,s093
s277,s103
s277,s194
s277,s092
s277,s168
s277,s228
s277,s176
s277,s039
s277,s266
s277,s001
s277,s263
s277,s077
s277,s267
s277,s231
s277,s106
s277,s171
s277,s157
s277,s258
s277,s212
s277,s080
s277,s238
s277,s048
s277,s126
s277,s178
s277,s196
s277,s026
s277,s059
s277,s203
s277,s125
s277,s075
s277,s162
s278,s129
s278,s135
s278,s013
s278,s070
s278,s278
s278,s232
s278,s208
s278,s275
s278,s221
s278,s227
s278,s115
s278,s148
s278,s103
s278,s277
s278,s001
s278,s263
s278,s267
s278,s080
s278,s065
s278,s026
s278,s162
s279,s017
s279,s264
s279,s152
s279,s009
s279,s270
s279,s250
s279,s072
s279,s003
s279,s279
s279,s259
s279,s271
s279,s085
s279,s220
s279,s233
s279,s056
s279,s247
s279,s088
s279,s104
s279,s076
s279,s129
s279,s055
s279,s107
s279,s159
s279,s173
s279,s029
s279,s078
s279,s030
s279,s083
s279,s206
s279,s144
s279,s147
s279,s234
s279,s190
s279,s061
s279,s248
s279,s278
s279,s047
s279,s012
s279,s243
s279,s025
s279,s208
s279,s275
s279,s221
s279,s180
s279,s273
s279,s123
s279,s087
s279,s115
s279,s166
s279,s134
s279,s031
s279,s268
s279,s230
s279,s200
s279,s019
s279,s062
s279,s060
s279,s225
s279,s143
s279,s263
s279,s077
s279,s267
s279,s054
s279,s048
s279,s102
s279,s034
s279,s065
s279,s026
s279,s203
s279,s162
